亚目,总科,科,亚科,属,种,种拉丁名,备注
均翅亚目,蟌总科,蟌科,,狭翅蟌属,灰蓝狭翅蟌,"Aciagrion approximans (Selys, 1876)",
均翅亚目,蟌总科,蟌科,,狭翅蟌属,针尾狭翅蟌,"Aciagrion migratum (Selys,1876)",
均翅亚目,蟌总科,蟌科,,狭翅蟌属,蓝尾狭翅蟌,"Aciagrion olympicum Laidlaw, 1919",
均翅亚目,蟌总科,蟌科,,狭翅蟌属,森狭翅蟌,"Aciagrion pallidum Selys, 1891",
均翅亚目,蟌总科,蟌科,,小蟌属,克氏小蟌,"Agriocnemis clauseni Fraser, 1922",
均翅亚目,蟌总科,蟌科,,小蟌属,杯斑小蟌,"Agriocnemis femina (Brauer, 1868)",
均翅亚目,蟌总科,蟌科,,小蟌属,黄腹小蟌,"Agriocnemis minima Selys, 1877",
均翅亚目,蟌总科,蟌科,,小蟌属,黄尾小蟌,"Agriocnemis pygmaea (Rambur, 1842)",
均翅亚目,蟌总科,蟌科,,小蟌属,白腹小蟌,"Agriocnemis lacteola Selys, 1877",蛇斑小蟌种团naia
均翅亚目,蟌总科,蟌科,,小蟌属,黑尾小蟌,"Agriocnemis naia Fraser, 1923",蛇斑小蟌种团naia
均翅亚目,蟌总科,蟌科,,小蟌属,樽斑小蟌,"Agriocnemis nana Laidlaw, 1914",蛇斑小蟌种团naia
均翅亚目,蟌总科,蟌科,,安蟌属,天蓝安蟌,"Amphiallagma parvum (Selys, 1876)",
均翅亚目,蟌总科,蟌科,,黑蟌属,蓝唇黑蟌,"Argiocnemis rubescens Selys, 1877",
均翅亚目,蟌总科,蟌科,,黄蟌属,翠胸黄蟌,"Ceriagrion auranticum Fraser, 1922",
均翅亚目,蟌总科,蟌科,,黄蟌属,天蓝黄蟌,"Ceriagrion azureum (Selys, 1891)",
均翅亚目,蟌总科,蟌科,,黄蟌属,女神黄蟌,"Ceriagrion bellona Laidlaw, 1915",
均翅亚目,蟌总科,蟌科,,黄蟌属,赵氏黄蟌,"Ceriagrion chaoi Schmidt, 1964",
均翅亚目,蟌总科,蟌科,,黄蟌属,园尾黄蟌,"Ceriagrion coromandelianum (Fabricius, 1798)",
均翅亚目,蟌总科,蟌科,,黄蟌属,长尾黄蟌,"Ceriagrion fallax Ris, 1914",
均翅亚目,蟌总科,蟌科,,黄蟌属,柠檬黄蟌,"Ceriagrion indochinense Asahina, 1967",
均翅亚目,蟌总科,蟌科,,黄蟌属,短尾黄蟌,"Ceriagrion melanurum Selys, 1876",
均翅亚目,蟌总科,蟌科,,黄蟌属,赤黄蟌,"Ceriagrion nipponicum Asahina, 1967",
均翅亚目,蟌总科,蟌科,,黄蟌属,钩尾黄蟌,"Ceriagrion olivaceum Laidlaw, 1914",
均翅亚目,蟌总科,蟌科,,黄蟌属,褐尾黄蟌,"Ceriagrion rubiae Laidlaw, 1916",
均翅亚目,蟌总科,蟌科,,黄蟌属,中国黄蟌,"Ceriagrion sinense Asahina, 1967",
均翅亚目,蟌总科,蟌科,,蟌属,多棘蟌,"Coenagrion aculeatum Yu and Bu, 2007",
均翅亚目,蟌总科,蟌科,,蟌属,铠甲蟌,"Coenagrion armatum (Charpentier, 1840)",
均翅亚目,蟌总科,蟌科,,蟌属,盃纹蟌,"Coenagrion ecornutum (Selys, 1872)",
均翅亚目,蟌总科,蟌科,,蟌属,腾冲蟌,"Coenagrion exclamationis (Fraser, 1919)",
均翅亚目,蟌总科,蟌科,,蟌属,框纹蟌,"Coenagrion glaciale (Selys, 1872)",
均翅亚目,蟌总科,蟌科,,蟌属,三纹蟌,"Coenagrion hastulatum (Charpentier, 1825)",
均翅亚目,蟌总科,蟌科,,蟌属,叶纹蟌,"Coenagrion holdereri (Forster, 1900)",
均翅亚目,蟌总科,蟌科,,蟌属,黑格蟌,"Coenagrion hylas (Trybom, 1889)",
均翅亚目,蟌总科,蟌科,,蟌属,纤腹蟌,"Coenagrion johanssoni (Wallengren, 1894)",
均翅亚目,蟌总科,蟌科,,蟌属,矛斑蟌,"Coenagrion lanceolatum (Selys, 1872)",
均翅亚目,蟌总科,蟌科,,蟌属,月斑蟌,"Coenagrion lunulatum (Charpentier, 1840)",
均翅亚目,蟌总科,蟌科,,绿蟌属,心斑绿蟌,"Enallagma cyathigerum (Charpentier, 1840)",
均翅亚目,蟌总科,蟌科,,红眼蟌属,红眼蟌,"Erythromma najas (Hansemann, 1823)",
均翅亚目,蟌总科,蟌科,,异痣蟌属,东亚异痣蟌,"Ischnura asiatica (Brauer, 1865)",
均翅亚目,蟌总科,蟌科,,异痣蟌属,黄腹异痣蟌,"Ischnura aurora (Brauer, 1865)",
均翅亚目,蟌总科,蟌科,,异痣蟌属,长叶异痣蟌,"Ischnura elegans (Vander Linden, 1823)",
均翅亚目,蟌总科,蟌科,,异痣蟌属,埃文异痣蟌,"Ischnura evansi Morton, 1919",
均翅亚目,蟌总科,蟌科,,异痣蟌属,水源异痣蟌,"Ischnura fountaineae Morton, 1905",
均翅亚目,蟌总科,蟌科,,异痣蟌属,蓝壮异痣蟌,"Ischnura pumilio (Charpentier, 1825)",
均翅亚目,蟌总科,蟌科,,异痣蟌属,赤斑异痣蟌,"Ischnura rufostigma Selys, 1876",
均翅亚目,蟌总科,蟌科,,异痣蟌属,褐斑异痣蟌,"Ischnura senegalensis (Rambur, 1842)",
均翅亚目,蟌总科,蟌科,,妹蟌属,蓝尾妹蟌,"Mortonagrion aborense (Laidlaw, 1914)",
均翅亚目,蟌总科,蟌科,,妹蟌属,广濑妹蟌,"Mortonagrion hirosei Asahina, 1972",
均翅亚目,蟌总科,蟌科,,妹蟌属,钩斑妹蟌,"Mortonagrion selenion (Ris, 1916)",
均翅亚目,蟌总科,蟌科,,绿背蟌属,黑面绿背蟌,"Nehalennia speciosa (Charpentier, 1840)",
均翅亚目,蟌总科,蟌科,,尾蟌属,挫齿尾蟌,"Paracercion barbatum (Needham,1930)",
均翅亚目,蟌总科,蟌科,,尾蟌属,蓝纹尾蟌,"Paracercion calamorum (Ris, 1916)",
均翅亚目,蟌总科,蟌科,,尾蟌属,钳尾蟌,"Paracercion dorothea (Fraser, 1924)",
均翅亚目,蟌总科,蟌科,,尾蟌属,隼尾蟌,"Paracercion hieroglyphicum (Brauer, 1865)",
均翅亚目,蟌总科,蟌科,,尾蟌属,蓝面尾蟌,"Paracercion melanotum (Selys, 1876)",
均翅亚目,蟌总科,蟌科,,尾蟌属,七条尾蟌,"Paracercion plagiosum (Needham, 1930)",
均翅亚目,蟌总科,蟌科,,尾蟌属,捷尾蟌,"Paracercion v-nigrum (Needham, 1930)",
均翅亚目,蟌总科,蟌科,,斑蟌属,亚澳斑蟌,"Pseudagrion australasiae Selys, 1876",
均翅亚目,蟌总科,蟌科,,斑蟌属,大斑蟌,"Pseudagrion decorum (Rambur, 1842)",
均翅亚目,蟌总科,蟌科,,斑蟌属,绿斑蟌,"Pseudagrion microcephalum (Rambur, 1842)",
均翅亚目,蟌总科,蟌科,,斑蟌属,红玉斑蟌,"Pseudagrion pilidorsum (Brauer, 1868)",
均翅亚目,蟌总科,蟌科,,斑蟌属,赤斑蟌,"Pseudagrion pruinosum (Burmeister, 1839)",
均翅亚目,蟌总科,蟌科,,斑蟌属,丹顶斑蟌,"Pseudagrion rubriceps Selys, 1876",
均翅亚目,蟌总科,蟌科,,斑蟌属,褐斑蟌,"Pseudagrion spencei Fraser, 1922",
均翅亚目,蟌总科,蟌科,,红蟌属,阔叶红蟌,"Pyrrhosoma latiloba Yu, Yang and Bu, 2008",
均翅亚目,蟌总科,蟌科,,红蟌属,窄叶红蟌,"Pyrrhosoma tinctipenne (McLachlan, 1894)",
均翅亚目,蟌总科,蟌科,,红蟌属,扇蟌科,"Platycnemididae Tillyard and Fraser, 1938",
均翅亚目,蟌总科,蟌科,,丽扇蟌属,赵氏丽扇蟌,"Calicnemia chaoi Wilson, 2004",
均翅亚目,蟌总科,蟌科,,丽扇蟌属,赭腹丽扇蟌,"Calicnemia erythromelas (Selys, 1891)",
均翅亚目,蟌总科,蟌科,,丽扇蟌属,朱腹丽扇蟌,"Calicnemia eximia (Selys, 1863)",
均翅亚目,蟌总科,蟌科,,丽扇蟌属,古蔺丽扇蟌,"Calicnemia gulinensis Yu and Bu, 2008",
均翅亚目,蟌总科,蟌科,,丽扇蟌属,黑丽扇蟌,"Calicnemia haksik Wilson and Reels, 2003",
均翅亚目,蟌总科,蟌科,,丽扇蟌属,灰丽扇蟌,"Calicnemia imitans Lieftinck, 1948",
均翅亚目,蟌总科,蟌科,,丽扇蟌属,迈尔丽扇蟌,"Calicnemia miles (Laidlaw, 1917)",
均翅亚目,蟌总科,蟌科,,丽扇蟌属,红腹丽扇蟌,"Calicnemia miniata (Selys, 1886)",
均翅亚目,蟌总科,蟌科,,丽扇蟌属,中脊丽扇蟌,"Calicnemia porcata Yu and Bu, 2008",
均翅亚目,蟌总科,蟌科,,丽扇蟌属,华丽扇蟌,"Calicnemia sinensis Lieftinck, 1984",
均翅亚目,蟌总科,蟌科,,丽扇蟌属,黑袜丽扇蟌,"Calicnemia soccifera Yu and Chen, 2013",
均翅亚目,蟌总科,蟌科,,长腹扇蟌属,黑背长腹扇蟌,"Coeliccia ambigua Asahina, 1997",
均翅亚目,蟌总科,蟌科,,长腹扇蟌属,黄脊长腹扇蟌,"Coeliccia chromothorax (Selys, 1891)",
均翅亚目,蟌总科,蟌科,,长腹扇蟌属,黄纹长腹扇蟌,"Coeliccia cyanomelas Ris, 1912",
均翅亚目,蟌总科,蟌科,,长腹扇蟌属,四斑长腹扇蟌,"Coeliccia didyma (Selys, 1863)",
均翅亚目,蟌总科,蟌科,,长腹扇蟌属,黄尾长腹扇蟌,"Coeliccia flavicauda Ris, 1912",
均翅亚目,蟌总科,蟌科,,长腹扇蟌属,黄绿长腹扇蟌,"Coeliccia galbina Wilson and Reels, 2003",
均翅亚目,蟌总科,蟌科,,长腹扇蟌属,海南长腹扇蟌,"Coeliccia hainanense Laidlaw, 1932",
均翅亚目,蟌总科,蟌科,,长腹扇蟌属,蓝斑长腹扇蟌,"Coeliccia loogali Fraser, 1932",
均翅亚目,蟌总科,蟌科,,长腹扇蟌属,蓝脊长腹扇蟌,"Coeliccia poungyi Fraser, 1924",
均翅亚目,蟌总科,蟌科,,长腹扇蟌属,佐藤长腹扇蟌,"Coeliccia satoi Asahina, 1997",
均翅亚目,蟌总科,蟌科,,狭扇蟌属,黄狭扇蟌,"Copera marginipes (Rambur, 1842)",
均翅亚目,蟌总科,蟌科,,狭扇蟌属,褐狭扇蟌,"Copera vittata (Selys, 1863)",
均翅亚目,蟌总科,蟌科,,印扇蟌属,印扇蟌,"Indocnemis orang (Forster in Laidlaw, 1907)",
均翅亚目,蟌总科,蟌科,,同痣蟌属,毛面同痣蟌,"Onychargia atrocyana Selys, 1865",
均翅亚目,蟌总科,蟌科,,扇蟌属,白扇蟌,"Platycnemis foliacea Selys, 1886",
均翅亚目,蟌总科,蟌科,,扇蟌属,白足扇蟌,"Platycnemis phasmovolans Hämäläinen, 2003",
均翅亚目,蟌总科,蟌科,,扇蟌属,叶足扇蟌,"Platycnemis phyllopoda Djakonov, 1926",
均翅亚目,蟌总科,蟌科,,微桥蟌属,金脊微桥蟌,"Prodasineura auricolor (Fraser, 1927)",
均翅亚目,蟌总科,蟌科,,微桥蟌属,乌微桥蟌,"Prodasineura autumnalis (Fraser, 1922)",
均翅亚目,蟌总科,蟌科,,微桥蟌属,朱背微桥蟌,"Prodasineura croconota (Ris, 1916)",
均翅亚目,蟌总科,蟌科,,微桥蟌属,福建微桥蟌,"Prodasineura fujianensis Xu, 2006",
均翅亚目,蟌总科,蟌科,,微桥蟌属,汉中微桥蟌,"Prodasineura hanzhongensis Yang and Li, 1995",
均翅亚目,蟌总科,蟌科,,微桥蟌属,龙井微桥蟌,"Prodasineura longjingensis (Zhou, 1981)",
均翅亚目,蟌总科,蟌科,,微桥蟌属,黑微桥蟌,"Prodasineura nigra (Fraser, 1922)",
均翅亚目,蟌总科,蟌科,,微桥蟌属,黄条微桥蟌,"Prodasineura sita (Kirby, 1893)",
均翅亚目,蟌总科,蟌科,,微桥蟌属,赤微桥蟌,"Prodasineura verticalis (Selys, 1860)",
均翅亚目,蟌总科,蟌科,,微桥蟌属,拟狭扇蟌,"Pseudocopera Fraser, 1922",
均翅亚目,蟌总科,蟌科,,微桥蟌属,白拟狭扇蟌,"Pseudocopera annulata (Selys, 1863)",
均翅亚目,蟌总科,蟌科,,微桥蟌属,毛拟狭扇蟌,"Pseudocopera ciliata (Selys, 1863)",
均翅亚目,蟌总科,蟌科,,微桥蟌属,黑拟狭扇蟌,"Pseudocopera tokyoensis Asahina, 1948",
均翅亚目,丝蟌总科,丝蟌科,,印丝蟌属,黄面印丝蟌,"Indolestes assamicus Fraser, 1930",
均翅亚目,丝蟌总科,丝蟌科,,印丝蟌属,蓝印丝蟌,"Indolestes cyaneus (Selys, 1862)",
均翅亚目,丝蟌总科,丝蟌科,,印丝蟌属,斑脊印丝蟌,"Indolestes gracilis (Hagen in Selys, 1862)",
均翅亚目,丝蟌总科,丝蟌科,,印丝蟌属,奇印丝蟌,"Indolestes peregrinus (Ris, 1916)",
均翅亚目,丝蟌总科,丝蟌科,,丝蟌属,刀尾丝蟌,"Lestes barbarus (Fabricius, 1798)",
均翅亚目,丝蟌总科,丝蟌科,,丝蟌属,整齐丝蟌,"Lestes concinnus Hagen in Selys, 1862",
均翅亚目,丝蟌总科,丝蟌科,,丝蟌属,多罗丝蟌,"Lestes dorothea Fraser, 1924",
均翅亚目,丝蟌总科,丝蟌科,,丝蟌属,足尾丝蟌,"Lestes dryas Kirby, 1890",
均翅亚目,丝蟌总科,丝蟌科,,丝蟌属,高丝蟌,"Lestes elatus Hagen in Selys, 1862",
均翅亚目,丝蟌总科,丝蟌科,,丝蟌属,日本丝蟌,"Lestes japonicus Selys, 1883",
均翅亚目,丝蟌总科,丝蟌科,,丝蟌属,大痣丝蟌,"Lestes macrostigma (Eversmann, 1836)",
均翅亚目,丝蟌总科,丝蟌科,,丝蟌属,蕾尾丝蟌,"Lestes nodalis Selys, 1891",
均翅亚目,丝蟌总科,丝蟌科,,丝蟌属,舟尾丝蟌,"Lestes praemorsus Hagen in Selys, 1862",
均翅亚目,丝蟌总科,丝蟌科,,丝蟌属,桨尾丝蟌,"Lestes sponsa (Hansemann, 1823)",
均翅亚目,丝蟌总科,丝蟌科,,丝蟌属,蓝绿丝蟌,"Lestes temporalis Selys, 1883",
均翅亚目,丝蟌总科,丝蟌科,,丝蟌属,锯尾丝蟌,"Lestes umbrinus Selys, 1892",
均翅亚目,丝蟌总科,丝蟌科,,丝蟌属,绿丝蟌,"Lestes virens (Charpentier, 1825)",
均翅亚目,丝蟌总科,丝蟌科,,长痣丝蟌属,长痣丝蟌,"Orolestes selysi McLachlan, 1895",
均翅亚目,丝蟌总科,丝蟌科,,黄丝蟌属,三叶黄丝蟌,"Sympecma paedisca (Brauer, 1877)",
均翅亚目,丝蟌总科,综蟌科,,绿综蟌属,褐腹绿综蟌,"Megalestes distans Needham, 1930",
均翅亚目,丝蟌总科,综蟌科,,绿综蟌属,郝氏绿综蟌,"Megalestes haui Wilson and Reels, 2003",
均翅亚目,丝蟌总科,综蟌科,,绿综蟌属,黄腹绿综蟌,"Megalestes heros Needham, 1930",
均翅亚目,丝蟌总科,综蟌科,,绿综蟌属,刷尾绿综蟌,"Megalestes kurahashii Asahina, 1985",
均翅亚目,丝蟌总科,综蟌科,,绿综蟌属,细腹绿综蟌,"Megalestes micans Needham, 1930",
均翅亚目,丝蟌总科,综蟌科,,绿综蟌属,峨眉绿综蟌,"Megalestes omeiensis Chao, 1965",
均翅亚目,丝蟌总科,综蟌科,,绿综蟌属,黄尾绿综蟌,"Megalestes riccii Navás, 1935",
均翅亚目,丝蟌总科,综蟌科,,华综蟌属,黄肩华综蟌,"Sinolestes edita Needham, 1930",
均翅亚目,扁蟌总科,扁蟌科,,镰扁蟌属,包氏镰扁蟌,"Drepanosticta brownelli (Tinkham, 1938)",
均翅亚目,扁蟌总科,扁蟌科,,镰扁蟌属,修长镰扁蟌,"Drepanosticta elongata Wilson and Reels, 2001",
均翅亚目,扁蟌总科,扁蟌科,,镰扁蟌属,香港镰扁蟌,"Drepanosticta hongkongensis Wilson, 1996",
均翅亚目,扁蟌总科,扁蟌科,,镰扁蟌属,巨镰扁蟌,"Drepanosticta magna Wilson and Reels, 2003",
均翅亚目,扁蟌总科,扁蟌科,,镰扁蟌属,周氏镰扁蟌,"Drepanosticta zhoui Wilson and Reels, 2001",
均翅亚目,扁蟌总科,扁蟌科,,原扁蟌属,黄颈原扁蟌,"Protosticta beaumonti Wilson, 1996",
均翅亚目,扁蟌总科,扁蟌科,,原扁蟌属,郑氏原扁蟌,"Protosticta curiosa Fraser, 1934",
均翅亚目,扁蟌总科,扁蟌科,,原扁蟌属,克氏原扁蟌,"Protosticta kiautai Zhou, 1986",
均翅亚目,扁蟌总科,扁蟌科,,原扁蟌属,白瑞原扁蟌,"Protosticta taipokauensis Asahina and Dudgeon, 1987",
均翅亚目,扁蟌总科,扁蟌科,,华扁蟌属,黛波华扁蟌,"Sinosticta debra Wilson, 2007",
均翅亚目,扁蟌总科,扁蟌科,,华扁蟌属,海南华扁蟌,"Sinosticta hainanense Wilson and Reels, 2001",
均翅亚目,扁蟌总科,扁蟌科,,华扁蟌属,绪方华扁蟌,"Sinosticta ogatai (Matsuki and Saito, 1996)",
均翅亚目,扁蟌总科,扁蟌科,,华扁蟌属,深林华扁蟌,"Sinosticta sylvatica Yu and Bu, 2009",
均翅亚目,扁蟌总科,扁蟌科,,滇扁蟌属,蓝颈滇扁蟌,"Yunnanosticta cyaneocollaris Dow and Zhang, 2018",
均翅亚目,扁蟌总科,扁蟌科,,滇扁蟌属,韦氏滇扁蟌,"Yunnanosticta wilsoni Dow and Zhang, 2018",
均翅亚目,扁蟌总科,丽蟌科,,德丽蟌属,杜德丽蟌,"Devadatta ducatrix Lieftinck, 1969",
均翅亚目,扁蟌总科,色蟌科,,基色蟌属,霜基色蟌,"Archineura hetaerinoides (Fraser, 1933)",
均翅亚目,扁蟌总科,色蟌科,,基色蟌属,赤基色蟌,"Archineura incarnata (Karsch, 1891)",
均翅亚目,扁蟌总科,色蟌科,,暗色蟌属,黑色蟌,"Atrocalopteryx atrata (Selys, 1853)",
均翅亚目,扁蟌总科,色蟌科,,暗色蟌属,黑蓝暗色蟌,"Atrocalopteryx atrocyana (Fraser, 1935)",
均翅亚目,扁蟌总科,色蟌科,,暗色蟌属,越南色蟌,"Atrocalopteryx coomani (Fraser, 1935)",
均翅亚目,扁蟌总科,色蟌科,,暗色蟌属,斑翅暗色蟌,"Atrocalopteryx fasciata Yang, Hämäläinen and Zhang, 2014",
均翅亚目,扁蟌总科,色蟌科,,暗色蟌属,黑顶色蟌,"Atrocalopteryx melli Ris, 1912",
均翅亚目,扁蟌总科,色蟌科,,暗色蟌属,透顶色蟌,"Atrocalopteryx oberthueri (McLachlan, 1894)",
均翅亚目,扁蟌总科,色蟌科,,闪色蟌属,昂卡闪色蟌,"Caliphaea angka Hämäläinen, 2003",
均翅亚目,扁蟌总科,色蟌科,,闪色蟌属,绿闪色蟌,"Caliphaea confusa Hagen in Selys, 1859",
均翅亚目,扁蟌总科,色蟌科,,闪色蟌属,紫闪色蟌,"Caliphaea consimilis McLachlan, 1894",
均翅亚目,扁蟌总科,色蟌科,,闪色蟌属,亮闪色蟌,"Caliphaea nitens Navás, 1934",
均翅亚目,扁蟌总科,色蟌科,,色蟌属,日本色蟌,"Calopteryx japonica Selys, 1869",
均翅亚目,扁蟌总科,色蟌科,,色蟌属,老挝色蟌,"Calopteryx laosica Fraser, 1933",
均翅亚目,扁蟌总科,色蟌科,,色蟌属,华丽色蟌,"Calopteryx splendens (Harris, 1780)",
均翅亚目,扁蟌总科,色蟌科,,色蟌属,少女色蟌,"Calopteryx virgo (Linnaeus, 1758)",
均翅亚目,扁蟌总科,色蟌科,,厄色蟌属,珍珠厄色蟌,"Echo margarita Selys, 1853",
均翅亚目,扁蟌总科,色蟌科,,厄色蟌属,华丽厄色蟌,"Echo perornata Yu and Hämäläinen, 2012",
均翅亚目,扁蟌总科,色蟌科,,单脉色蟌属,安娜单脉色蟌,"Matrona annina Zhang and Hämäläinen, 2012",
均翅亚目,扁蟌总科,色蟌科,,单脉色蟌属,透顶单脉色蟌,"Matrona basilaris Selys, 1853",
均翅亚目,扁蟌总科,色蟌科,,单脉色蟌属,台湾单脉色蟌,"Matrona cyanoptera Hämäläinen and Yeh, 2000",
均翅亚目,扁蟌总科,色蟌科,,单脉色蟌属,妈祖单脉色蟌,"Matrona mazu Yu, Xue and Hämäläinen, 2015",
均翅亚目,扁蟌总科,色蟌科,,单脉色蟌属,黑胸单脉色蟌,"Matrona nigripectus Selys, 1879",
均翅亚目,扁蟌总科,色蟌科,,单脉色蟌属,褐单脉色蟌,"Matrona corephaea Hämäläinen, Yu and Zhang, 2011",异单脉色蟌亚属
均翅亚目,扁蟌总科,色蟌科,,单脉色蟌属,神女单脉色蟌,"Matrona oreades Hämäläinen, Yu and Zhang, 2011",异单脉色蟌亚属
均翅亚目,扁蟌总科,色蟌科,,绿色蟌属,安氏绿色蟌,"Mnais andersoni McLachlan in Selys, 1873",
均翅亚目,扁蟌总科,色蟌科,,绿色蟌属,亮翅绿色蟌,"Mnais gregoryi Fraser, 1924",
均翅亚目,扁蟌总科,色蟌科,,绿色蟌属,烟翅绿色蟌,"Mnais mneme Ris, 1916",
均翅亚目,扁蟌总科,色蟌科,,绿色蟌属,黄翅绿色蟌,"Mnais tenuis Oguma, 1913",
均翅亚目,扁蟌总科,色蟌科,,艳色蟌属,安氏艳色蟌,"Neurobasis anderssoni Sjostedt, 1926",
均翅亚目,扁蟌总科,色蟌科,,艳色蟌属,华艳色蟌,"Neurobasis chinensis (Linnaeus, 1758)",
均翅亚目,扁蟌总科,色蟌科,,纤色蟌属,点纤色蟌,"Noguchiphaea yoshikoae Asahina, 1976",
均翅亚目,扁蟌总科,色蟌科,,褐顶色蟌属,褐顶色蟌,"Psolodesmus mandarinus McLachlan, 1870",
均翅亚目,扁蟌总科,色蟌科,,宛色蟌属,苗家宛色蟌,"Vestalaria miao (Wilson and Reels, 2001)",
均翅亚目,扁蟌总科,色蟌科,,宛色蟌属,黑角宛色蟌,"Vestalaria smaragdina (Selys, 1879)",
均翅亚目,扁蟌总科,色蟌科,,宛色蟌属,盖宛色蟌,"Vestalaria velata (Ris, 1912)",
均翅亚目,扁蟌总科,色蟌科,,宛色蟌属,丽宛色蟌,"Vestalaria venusta (Hämäläinen, 2004)",
均翅亚目,扁蟌总科,色蟌科,,细色蟌属,多横细色蟌,"Vestalis gracilis (Rambur, 1842)",
均翅亚目,扁蟌总科,隼蟌科,,圣鼻蟌属,蓝脊圣鼻蟌,"Aristocypha aino Hämäläinen, Reels and Zhang, 2009",
均翅亚目,扁蟌总科,隼蟌科,,圣鼻蟌属,帘纹圣鼻蟌,"Aristocypha baibarana (Matsumura, 1931)",
均翅亚目,扁蟌总科,隼蟌科,,圣鼻蟌属,赵氏圣鼻蟌,"Aristocypha chaoi (Wilson, 2004)",
均翅亚目,扁蟌总科,隼蟌科,,圣鼻蟌属,楔圣鼻蟌,"Aristocypha cuneata (Selys, 1853)",
均翅亚目,扁蟌总科,隼蟌科,,圣鼻蟌属,黄脊圣鼻蟌,"Aristocypha fenestrella (Rambur, 1842)",
均翅亚目,扁蟌总科,隼蟌科,,圣鼻蟌属,黄条圣鼻蟌,"Aristocypha iridea (Selys, 1891)",
均翅亚目,扁蟌总科,隼蟌科,,阳鼻蟌属,月斑阳鼻蟌,"Heliocypha biforata (Selys, 1859)",
均翅亚目,扁蟌总科,隼蟌科,,阳鼻蟌属,三斑阳鼻蟌,"Heliocypha perforata (Percheron, 1835)",
均翅亚目,扁蟌总科,隼蟌科,,印隼蟌属,显著印隼蟌,"Indocypha catopta Zhang, Hämäläinen and Tong, 2010",
均翅亚目,扁蟌总科,隼蟌科,,印隼蟌属,赤水印隼蟌,"Indocypha chishuiensis Zhou and Zhou, 2006",
均翅亚目,扁蟌总科,隼蟌科,,印隼蟌属,蓝尾印隼蟌,"Indocypha cyanicauda Zhang and Hämäläinen, 2018",
均翅亚目,扁蟌总科,隼蟌科,,印隼蟌属,卡萨印隼蟌,"Indocypha katharina (Needham, 1930)",
均翅亚目,扁蟌总科,隼蟌科,,印隼蟌属,中文名待定,"Indocypha silbergliedi Asahina, 1988",
均翅亚目,扁蟌总科,隼蟌科,,印隼蟌属,川印隼蟌,"Indocypha svenhedini (Sjostedt, 1933)",
均翅亚目,扁蟌总科,隼蟌科,,印隼蟌属,带斑印隼蟌,"Indocypha vittata (Selys, 1891)	",
均翅亚目,扁蟌总科,隼蟌科,,隼蟌属,点斑隼蟌,"Libellago lineata (Burmeister, 1839)",
均翅亚目,扁蟌总科,隼蟌科,,鼻蟌属,线纹鼻蟌,"Rhinocypha drusilla Needham, 1930",
均翅亚目,扁蟌总科,隼蟌科,,鼻蟌属,华氏鼻蟌,"Rhinocypha huai (Zhou and Zhou, 2006)",
均翅亚目,扁蟌总科,隼蟌科,,鼻蟌属,台湾鼻蟌,"Rhinocypha taiwana Wang and Chang, 2013",
均翅亚目,扁蟌总科,隼蟌科,,鼻蟌属,三点鼻蟌,"Rhinocypha trimaculata Selys, 1853",
均翅亚目,扁蟌总科,溪蟌科,,异翅溪蟌属,蓝斑异翅溪蟌,"Anisopleura furcata Selys, 1891",
均翅亚目,扁蟌总科,溪蟌科,,异翅溪蟌属,斧尾异翅溪蟌,"Anisopleura pelecyphora Zhang, Hämäläinen and Cai, 2014",
均翅亚目,扁蟌总科,溪蟌科,,异翅溪蟌属,习见异翅溪蟌,"Anisopleura qingyuanensis Zhou, 1982",
均翅亚目,扁蟌总科,溪蟌科,,异翅溪蟌属,云南异翅溪蟌,"Anisopleura yunnanensis Zhu and Zhou, 1999",
均翅亚目,扁蟌总科,溪蟌科,,异翅溪蟌属,郑氏异翅溪蟌,"Anisopleura zhengi Yang, 1996",
均翅亚目,扁蟌总科,溪蟌科,,尾溪蟌属,二齿尾溪蟌,"Bayadera bidentata Needham, 1930",
均翅亚目,扁蟌总科,溪蟌科,,尾溪蟌属,短尾尾溪蟌,"Bayadera brevicauda Fraser, 1928",
均翅亚目,扁蟌总科,溪蟌科,,尾溪蟌属,大陆尾溪蟌,"Bayadera continentalis Asahina, 1973",
均翅亚目,扁蟌总科,溪蟌科,,尾溪蟌属,斑翅尾溪蟌,"Bayadera fasciata Sjostedt, 1933",
均翅亚目,扁蟌总科,溪蟌科,,尾溪蟌属,钳尾溪蟌,"Bayadera forcipata Needham, 1930",
均翅亚目,扁蟌总科,溪蟌科,,尾溪蟌属,印度尾溪蟌,"Bayadera indica (Selys, 1853)",
均翅亚目,扁蟌总科,溪蟌科,,尾溪蟌属,科氏尾溪蟌,"Bayadera kirbyi Wilson and Reels, 2001",
均翅亚目,扁蟌总科,溪蟌科,,尾溪蟌属,巨齿尾溪蟌,"Bayadera melanopteryx Ris, 1912",
均翅亚目,扁蟌总科,溪蟌科,,尾溪蟌属,云翅尾溪蟌,"Bayadera nephelopennis Davies and Yang, 1996",
均翅亚目,扁蟌总科,溪蟌科,,尾溪蟌属,锯齿尾溪蟌,"Bayadera serrata Davies and Yang, 1996",
均翅亚目,扁蟌总科,溪蟌科,,尾溪蟌属,条斑尾溪蟌,"Bayadera strigata Davies and Yang, 1996",
均翅亚目,扁蟌总科,溪蟌科,,隐溪蟌属,越南隐溪蟌,"Cryptophaea vietnamensis (van Tol and Rozendaal, 1995)",
均翅亚目,扁蟌总科,溪蟌科,,隐溪蟌属,云南隐溪蟌,"Cryptophaea yunnanensis (Davies and Yang, 1996)",
均翅亚目,扁蟌总科,溪蟌科,,暗溪蟌属,高居暗溪蟌,"Dysphaea basitincta Martin, 1904",
均翅亚目,扁蟌总科,溪蟌科,,暗溪蟌属,华丽暗溪蟌,"Dysphaea gloriosa Fraser, 1938",
均翅亚目,扁蟌总科,溪蟌科,,溪蟌属,方带溪蟌,"Euphaea decorata Hagen in Selys, 1853",
均翅亚目,扁蟌总科,溪蟌科,,溪蟌属,台湾溪蟌,"Euphaea formosa Hagen in Selys, 1869",
均翅亚目,扁蟌总科,溪蟌科,,溪蟌属,炫彩溪蟌,"Euphaea guerini Rambur, 1842",
均翅亚目,扁蟌总科,溪蟌科,,溪蟌属,透顶溪蟌,"Euphaea masoni Selys, 1879",
均翅亚目,扁蟌总科,溪蟌科,,溪蟌属,黄翅溪蟌,"Euphaea ochracea Selys, 1859",
均翅亚目,扁蟌总科,溪蟌科,,溪蟌属,褐翅溪蟌,"Euphaea opaca Selys, 1853",
均翅亚目,扁蟌总科,溪蟌科,,溪蟌属,宽带溪蟌,"Euphaea ornata (Campion, 1924)",
均翅亚目,扁蟌总科,溪蟌科,,溪蟌属,丽溪蟌,"Euphaea superba Kimmins, 1936",
均翅亚目,扁蟌总科,山蟌科,,野蟌属,白尾野蟌,"Agriomorpha fusca May, 1933",
均翅亚目,扁蟌总科,山蟌科,,缅山蟌属,兴隆缅山蟌,"Burmargiolestes xinglongensis Wilson and Reels, 2001",
均翅亚目,扁蟌总科,山蟌科,,凸尾山蟌属,藏凸尾山蟌,"Mesopodagrion tibetanum McLachlan, 1896",
均翅亚目,扁蟌总科,山蟌科,,凸尾山蟌属,雅州凸尾山蟌,"Mesopodagrion yachowensis Chao, 1953",
均翅亚目,扁蟌总科,山蟌科,,黑山蟌属,覆雪黑山蟌,"Philosina alba Wilson, 1999",
均翅亚目,扁蟌总科,山蟌科,,黑山蟌属,红尾黑山蟌,"Philosina buchi Ris, 1917",
均翅亚目,扁蟌总科,山蟌科,,叶山蟌属,露兜叶山蟌,"Podolestes pandanus Wilson and Reels, 2001",
均翅亚目,扁蟌总科,山蟌科,,古山蟌属,克氏古山蟌,"Priscagrion kiautai Zhou and Wilson, 2001",
均翅亚目,扁蟌总科,山蟌科,,古山蟌属,宾黑古山蟌,"Priscagrion pinheyi Zhou and Wilson, 2001",
均翅亚目,扁蟌总科,山蟌科,,鲨山蟌属,海南鲨山蟌,"Rhinagrion hainanense Wilson and Reels, 2001",
均翅亚目,扁蟌总科,山蟌科,,扇山蟌属,棘扇山蟌,"Rhipidolestes aculeatus Ris, 1912",
均翅亚目,扁蟌总科,山蟌科,,扇山蟌属,艾伦扇山蟌,"Rhipidolestes alleni Wilson, 2000",
均翅亚目,扁蟌总科,山蟌科,,扇山蟌属,尖扇山蟌,"Rhipidolestes apicatus Navás, 1934",
均翅亚目,扁蟌总科,山蟌科,,扇山蟌属,巴斯扇山蟌,"Rhipidolestes bastiaani Zhu and Yang, 1998",
均翅亚目,扁蟌总科,山蟌科,,扇山蟌属,二齿扇山蟌,"Rhipidolestes bidens Schmidt, 1931",
均翅亚目,扁蟌总科,山蟌科,,扇山蟌属,赵氏扇山蟌,"Rhipidolestes chaoi Wilson, 2004",
均翅亚目,扁蟌总科,山蟌科,,扇山蟌属,黄蓝扇山蟌,"Rhipidolestes cyanoflavus Wilson, 2000",
均翅亚目,扁蟌总科,山蟌科,,扇山蟌属,褐带扇山蟌,"Rhipidolestes fascia Zhou, 2003",
均翅亚目,扁蟌总科,山蟌科,,扇山蟌属,珍妮扇山蟌,"Rhipidolestes janetae Wilson, 1997",
均翅亚目,扁蟌总科,山蟌科,,扇山蟌属,愉快扇山蟌,"Rhipidolestes jucundus Lieftinck, 1948",
均翅亚目,扁蟌总科,山蟌科,,扇山蟌属,劳氏扇山蟌,"Rhipidolestes laui Wilson and Reels, 2003",
均翅亚目,扁蟌总科,山蟌科,,扇山蟌属,李氏扇山蟌,"Rhipidolestes lii Zhou, 2003",
均翅亚目,扁蟌总科,山蟌科,,扇山蟌属,水鬼扇山蟌,"Rhipidolestes nectans (Needham, 1929)",
均翅亚目,扁蟌总科,山蟌科,,扇山蟌属,红足扇山蟌,"Rhipidolestes rubripes (Navás, 1936)",
均翅亚目,扁蟌总科,山蟌科,,扇山蟌属,褐顶扇山蟌,"Rhipidolestes truncatidens Schmidt, 1931",
均翅亚目,扁蟌总科,山蟌科,,扇山蟌属,杨冰扇山蟌,"Rhipidolestes yangbingi Davies, 1998",
均翅亚目,扁蟌总科,山蟌科,,华蟌属,杜氏华蟌,"Sinocnemis dumonti Wilson and Zhou, 2000",
均翅亚目,扁蟌总科,山蟌科,,华蟌属,河南华蟌,"Sinocnemis henanensis Wang, 2003",
均翅亚目,扁蟌总科,山蟌科,,华蟌属,杨氏华蟌,"Sinocnemis yangbingi Wilson and Zhou, 2000",
均翅亚目,扁蟌总科,大溪蟌科,,大溪蟌属,壮大溪蟌,"Philoganga robusta Navás, 1936",
均翅亚目,扁蟌总科,大溪蟌科,,大溪蟌属,古老大溪蟌,"Philoganga vetusta Ris, 1912",
均翅亚目,扁蟌总科,拟丝蟌科,,拟丝蟌属,丽拟丝蟌,"Pseudolestes mirabilis Kirby, 1900",
间翅亚目,昔蜓总科,昔蜓科,,昔蜓属,华昔蜓,"Epiophlebia sinensis Li and Nel, 2012",
差翅亚目,蜓总科,蜓科,,绿蜓属,黑纹绿蜓,"Aeschnophlebia anisoptera Selys, 1883",
差翅亚目,蜓总科,蜓科,,绿蜓属,长痣绿蜓,"Aeschnophlebia longistigma Selys, 1883",
差翅亚目,蜓总科,蜓科,,蜓属,近缘蜓,"Aeshna affinis Vander Linden, 1820",
差翅亚目,蜓总科,蜓科,,蜓属,绿面蜓,"Aeshna athalia Needham, 1930",
差翅亚目,蜓总科,蜓科,,蜓属,琉璃蜓,"Aeshna crenata Hagen, 1856",
差翅亚目,蜓总科,蜓科,,蜓属,福罗蜓,"Aeshna frontalis Navás, 1936",
差翅亚目,蜓总科,蜓科,,蜓属,天蓝蜓,"Aeshna juncea (Linnaeus, 1758)",
差翅亚目,蜓总科,蜓科,,蜓属,光明蜓,"Aeshna lucia Needham, 1930",
差翅亚目,蜓总科,蜓科,,蜓属,混合蜓,"Aeshna mixta Latreille, 1805",
差翅亚目,蜓总科,蜓科,,蜓属,展尾蜓,"Aeshna petalura Martin, 1909",
差翅亚目,蜓总科,蜓科,,翠蜓属,碧翠蜓,"Anaciaeschna jaspidea (Burmeister, 1839)",
差翅亚目,蜓总科,蜓科,,翠蜓属,马氏翠蜓,"Anaciaeschna martini (Selys, 1897)",
差翅亚目,蜓总科,蜓科,,伟蜓属,褐伟蜓,"Anax ephippiger (Burmeister, 1839)",
差翅亚目,蜓总科,蜓科,,伟蜓属,斑伟蜓,"Anax guttatus (Burmeister, 1839)	",
差翅亚目,蜓总科,蜓科,,伟蜓属,黄伟蜓,"Anax immaculifrons Rambur, 1842",
差翅亚目,蜓总科,蜓科,,伟蜓属,黑纹伟蜓,"Anax nigrofasciatus Oguma, 1915",
差翅亚目,蜓总科,蜓科,,伟蜓属,麻斑伟蜓,"Anax panybeus Hagen, 1867",
差翅亚目,蜓总科,蜓科,,伟蜓属,碧伟蜓,"Anax parthenope (Selys, 1839)",
差翅亚目,蜓总科,蜓科,,博蜓属,卡氏博蜓,"Boyeria karubei Yokoi, 2002",
差翅亚目,蜓总科,蜓科,,博蜓属,中华博蜓,"Boyeria sinensis Asahina, 1978",
差翅亚目,蜓总科,蜓科,,头蜓属,赵氏头蜓,"Cephalaeschna chaoi Asahina, 1982",
差翅亚目,蜓总科,蜓科,,头蜓属,鼎湖头蜓,"Cephalaeschna dinghuensis Wilson, 1999",
差翅亚目,蜓总科,蜓科,,头蜓属,柯氏头蜓,"Cephalaeschna klotsi Asahina, 1982",
差翅亚目,蜓总科,蜓科,,头蜓属,尼氏头蜓,"Cephalaeschna needhami Asahina, 1981",
差翅亚目,蜓总科,蜓科,,头蜓属,逆转头蜓,"Cephalaeschna obversa Needham, 1930",
差翅亚目,蜓总科,蜓科,,头蜓属,巡行头蜓,"Cephalaeschna patrorum Needham, 1930",
差翅亚目,蜓总科,蜓科,,头蜓属,李氏头蜓,"Cephalaeschna risi Asahina, 1981",
差翅亚目,蜓总科,蜓科,,头蜓属,邵武头蜓,"Cephalaeschna shaowuensis Xu, 2006",
差翅亚目,蜓总科,蜓科,,长尾蜓属,无纹长尾蜓,"Gynacantha bayadera Selys, 1891",
差翅亚目,蜓总科,蜓科,,长尾蜓属,透长尾蜓,"Gynacantha hyalina Selys, 1882",
差翅亚目,蜓总科,蜓科,,长尾蜓属,基凹长尾蜓,"Gynacantha incisura Fraser, 1935",
差翅亚目,蜓总科,蜓科,,长尾蜓属,日本长尾蜓,"Gynacantha japonica Bartenev, 1909",
差翅亚目,蜓总科,蜓科,,长尾蜓属,琉球长尾蜓,"Gynacantha ryukyuensis Asahina, 1962",
差翅亚目,蜓总科,蜓科,,长尾蜓属,跳长尾蜓,"Gynacantha saltatrix Martin, 1909",
差翅亚目,蜓总科,蜓科,,长尾蜓属,细腰长尾蜓,"Gynacantha subinterrupta Rambur, 1842",
差翅亚目,蜓总科,蜓科,,长尾蜓属,中文名待定,"Gynacanthaeschna sikkima (Karsch, 1891)",
差翅亚目,蜓总科,蜓科,,小蜓属,北部小蜓,"Oligoaeschna aquilonaris Wilson, 2005",
差翅亚目,蜓总科,蜓科,,小蜓属,叶小蜓,"Oligoaeschna petalura Lieftinck, 1968",
差翅亚目,蜓总科,蜓科,,佩蜓属,福临佩蜓,"Periaeschna flinti Asahina, 1978",
差翅亚目,蜓总科,蜓科,,佩蜓属,马格佩蜓,"Periaeschna magdalena Martin, 1909",
差翅亚目,蜓总科,蜓科,,佩蜓属,奇异佩蜓,"Periaeschna mira Navás, 1936",
差翅亚目,蜓总科,蜓科,,佩蜓属,夜游佩蜓,"Periaeschna nocturnalis Fraser, 1927",
差翅亚目,蜓总科,蜓科,,叶蜓属,科氏叶蜓,"Petaliaeschna corneliae Asahina, 1982",
差翅亚目,蜓总科,蜓科,,叶蜓属,黎氏叶蜓,"Petaliaeschna lieftincki Asahina, 1982",
差翅亚目,蜓总科,蜓科,,黑额蜓属,希里黑额蜓,"Planaeschna celia Wilson and Reels, 2001",
差翅亚目,蜓总科,蜓科,,黑额蜓属,联纹黑额蜓,"Planaeschna gressitti Karube, 2002",
差翅亚目,蜓总科,蜓科,,黑额蜓属,郝氏黑额蜓,"Planaeschna haui Wilson and Xu, 2008",
差翅亚目,蜓总科,蜓科,,黑额蜓属,石原黑额蜓,"Planaeschna ishigakiana Asahina, 1951",
差翅亚目,蜓总科,蜓科,,黑额蜓属,崂山黑额蜓,"Planaeschna laoshanensis Zhang, Yeh and Tong, 2010",
差翅亚目,蜓总科,蜓科,,黑额蜓属,刘氏黑额蜓,"Planaeschna liui Xu, Chen et Qui, 2009",
差翅亚目,蜓总科,蜓科,,黑额蜓属,茂兰黑额蜓,"Planaeschna maolanensis Zhou and Bao, 2002",
差翅亚目,蜓总科,蜓科,,黑额蜓属,南昆黑额蜓,"Planaeschna nankunshanensis Zhang, Yeh and Tong, 2010",
差翅亚目,蜓总科,蜓科,,黑额蜓属,南岭黑额蜓,"Planaeschna nanlingensis Wilson and Xu, 2008",
差翅亚目,蜓总科,蜓科,,黑额蜓属,李氏黑额蜓,"Planaeschna risi risi Asahina, 1964",
差翅亚目,蜓总科,蜓科,,黑额蜓属,山西黑额蜓,"Planaeschna shanxiensis Zhu and Zhang, 2001",
差翅亚目,蜓总科,蜓科,,黑额蜓属,幽灵黑额蜓,"Planaeschna skiaperipola Wilson and Xu, 2008",
差翅亚目,蜓总科,蜓科,,黑额蜓属,遂昌黑额蜓,"Planaeschna suichangensis Zhou and Wei, 1980",
差翅亚目,蜓总科,蜓科,,黑额蜓属,台湾黑额蜓,"Planaeschna taiwana Asahina, 1951",
差翅亚目,蜓总科,蜓科,,多棘蜓属,赵氏多棘蜓,"Polycanthagyna chaoi Yang and Li, 1994",
差翅亚目,蜓总科,蜓科,,多棘蜓属,红褐多棘蜓,"Polycanthagyna erythromelas (McLachlan, 1896)",
差翅亚目,蜓总科,蜓科,,多棘蜓属,黑多棘蜓,"Polycanthagyna melanictera (Selys, 1883)",
差翅亚目,蜓总科,蜓科,,多棘蜓属,鸟头多棘蜓,"Polycanthagyna ornithocephala (McLachlan, 1896)",
差翅亚目,蜓总科,蜓科,,飒蜓属,江氏飒蜓,"Sarasaeschna chiangchinlii Chen and Yeh, 2014",
差翅亚目,蜓总科,蜓科,,飒蜓属,高峰飒蜓,"Sarasaeschna gaofengensis Yeh and Kiyoshi, 2015",
差翅亚目,蜓总科,蜓科,,飒蜓属,高氏飒蜓,"Sarasaeschna kaoi Yeh, Lee and Wong, 2015",
差翅亚目,蜓总科,蜓科,,飒蜓属,连氏飒蜓,"Sarasaeschna lieni (Yeh and Chen, 2000)",
差翅亚目,蜓总科,蜓科,,飒蜓属,帕亚飒蜓,"Sarasaeschna pyanan (Asahina, 1951)",
差翅亚目,蜓总科,蜓科,,飒蜓属,军刀飒蜓,"Sarasaeschna sabre (Wilson and Reels, 2001)",
差翅亚目,蜓总科,蜓科,,飒蜓属,草埤飒蜓,"Sarasaeschna tsaopiensis (Yeh and Chen, 2000)",
差翅亚目,蜓总科,蜓科,,四棘蜓属,沃氏四棘蜓,"Tetracanthagyna waterhousei McLachlan, 1898",
差翅亚目,大蜓总科,裂唇蜓科,,裂唇蜓属,短痣裂唇蜓,"Chlorogomphus brevistigma Oguma, 1926",
差翅亚目,大蜓总科,裂唇蜓科,,裂唇蜓属,红褐裂唇蜓,"Chlorogomphus brunneus Oguma, 1926",
差翅亚目,大蜓总科,裂唇蜓科,,裂唇蜓属,戴维裂唇蜓,"Chlorogomphus daviesi Karube, 2001",
差翅亚目,大蜓总科,裂唇蜓科,,裂唇蜓属,细腹裂唇蜓,"Chlorogomphus gracilis Wilson and Reels, 2001",
差翅亚目,大蜓总科,裂唇蜓科,,裂唇蜓属,英弗裂唇蜓,"Chlorogomphus infuscatus Needham, 1930",
差翅亚目,大蜓总科,裂唇蜓科,,裂唇蜓属,金氏华裂唇蜓,"Chlorogomphus kitawakii Karube, 1995",
差翅亚目,大蜓总科,裂唇蜓科,,裂唇蜓属,闽山裂唇蜓,"Chlorogomphus montanus (Chao, 1999)",
差翅亚目,大蜓总科,裂唇蜓科,,裂唇蜓属,长鼻裂唇蜓,"Chlorogomphus nasutus Needham, 1930",
差翅亚目,大蜓总科,裂唇蜓科,,裂唇蜓属,蝶裂唇蜓,"Chlorogomphus papilio Ris, 1927",
差翅亚目,大蜓总科,裂唇蜓科,,裂唇蜓属,蕾丝裂唇蜓,"Chlorogomphus risi Chen, 1950",
差翅亚目,大蜓总科,裂唇蜓科,,裂唇蜓属,粤山裂唇蜓,"Chlorogomphus shanicus Wilson, 2002",
差翅亚目,大蜓总科,裂唇蜓科,,裂唇蜓属,辉煌裂唇蜓,"Chlorogomphus splendidus (Selys, 1878)	",
差翅亚目,大蜓总科,裂唇蜓科,,裂唇蜓属,铃木裂唇蜓,"Chlorogomphus suzukii (Oguma, 1926)",
差翅亚目,大蜓总科,裂唇蜓科,,裂唇蜓属,侗族裂唇蜓,"Chlorogomphus tunti Needham, 1930",
差翅亚目,大蜓总科,裂唇蜓科,,裂唇蜓属,尾叶裂唇蜓,"Chlorogomphus urolobatus Chen, 1950",
差翅亚目,大蜓总科,裂唇蜓科,,裂唇蜓属,尤氏裂唇蜓,"Chlorogomphus usudai Ishida, 1996",
差翅亚目,大蜓总科,裂唇蜓科,,瓣裂唇蜓属,翔瓣裂唇蜓,"Chloropetalia soarer Wilson, 2002",
差翅亚目,大蜓总科,裂唇蜓科,,中文名待定属,中文名待定,"Watanabeopetalia usignata (Chao, 1999)	",
差翅亚目,大蜓总科,大蜓科,,圆臀大蜓属,赵氏圆臀大蜓,"Anotogaster chaoi Zhou, 1998",
差翅亚目,大蜓总科,大蜓科,,圆臀大蜓属,双斑圆臀大蜓,"Anotogaster kuchenbeiseri (Forster, 1899)",
差翅亚目,大蜓总科,大蜓科,,圆臀大蜓属,巨圆臀大蜓,"Anotogaster sieboldii (Selys, 1854)",
差翅亚目,大蜓总科,大蜓科,,大蜓属,晋大蜓,"Cordulegaster jinensis Zhu and Han, 1992",
差翅亚目,大蜓总科,大蜓科,,大蜓属,月纹大蜓,"Cordulegaster luniferus Selys, 1878",
差翅亚目,大蜓总科,大蜓科,,大蜓属,东方大蜓,"Cordulegaster orientalis Van Pelt, 1994",
差翅亚目,大蜓总科,大蜓科,,大蜓属,北京大蜓,"Cordulegaster pekinensis McLachlan in Selys, 1886",
差翅亚目,大蜓总科,大蜓科,,角臀蜓属,宽额角臀蜓,"Neallogaster latifrons Selys, 1878",
差翅亚目,春蜓总科,春蜓科,春蜓亚科,异春蜓属,安氏异春蜓,"Anisogomphus anderi Lieftinck, 1948",
差翅亚目,春蜓总科,春蜓科,春蜓亚科,异春蜓属,双条异春蜓,"Anisogomphus bivittatus Selys, 1854",
差翅亚目,春蜓总科,春蜓科,春蜓亚科,异春蜓属,赵氏异春蜓,"Anisogomphus chaoi Liu, 1991",
差翅亚目,春蜓总科,春蜓科,春蜓亚科,异春蜓属,福氏异春蜓,"Anisogomphus forresti (Morton, 1928)",
差翅亚目,春蜓总科,春蜓科,春蜓亚科,异春蜓属,福建异春蜓,"Anisogomphus fujianensis Zhou and Wu, 1992",
差翅亚目,春蜓总科,春蜓科,春蜓亚科,异春蜓属,井岗异春蜓,"Anisogomphus jinggangshanus Liu, 1991",
差翅亚目,春蜓总科,春蜓科,春蜓亚科,异春蜓属,国姓异春蜓,"Anisogomphus koxingai Chao, 1954",
差翅亚目,春蜓总科,春蜓科,春蜓亚科,异春蜓属,马奇异春蜓,"Anisogomphus maacki (Selys, 1872)",
差翅亚目,春蜓总科,春蜓科,春蜓亚科,异春蜓属,光明异春蜓,"Anisogomphus nitidus Yang and Davies, 1993",
差翅亚目,春蜓总科,春蜓科,春蜓亚科,异春蜓属,休闲异春蜓,"Anisogomphus resortus Yang and Davies, 1996",
差翅亚目,春蜓总科,春蜓科,春蜓亚科,异春蜓属,五指异春蜓,"Anisogomphus wuzhishanus Chao, 1982",
差翅亚目,春蜓总科,春蜓科,春蜓亚科,异春蜓属,云南异春蜓,"Anisogomphus yunnanensis Zhou and Wu, 1992",
差翅亚目,春蜓总科,春蜓科,春蜓亚科,亚春蜓属,云南亚春蜓,"Asiagomphus corniger (Morton, 1928)",
差翅亚目,春蜓总科,春蜓科,春蜓亚科,亚春蜓属,长角亚春蜓,"Asiagomphus cuneatus (Needham, 1930)",
差翅亚目,春蜓总科,春蜓科,春蜓亚科,亚春蜓属,吉萨亚春蜓,"Asiagomphus giza Wilson, 2005",
差翅亚目,春蜓总科,春蜓科,春蜓亚科,亚春蜓属,贡山亚春蜓,"Asiagomphus gongshanensis Yang, Mao and Zhang, 2006",
差翅亚目,春蜓总科,春蜓科,春蜓亚科,亚春蜓属,海南亚春蜓,"Asiagomphus hainanensis (Chao, 1953)",
差翅亚目,春蜓总科,春蜓科,春蜓亚科,亚春蜓属,西南亚春蜓,"Asiagomphus hesperius (Chao, 1953)",
差翅亚目,春蜓总科,春蜓科,春蜓亚科,亚春蜓属,墨脱亚春蜓,"Asiagomphus motuoensis Liu and Chao in Chao, 1990",
差翅亚目,春蜓总科,春蜓科,春蜓亚科,亚春蜓属,安定亚春蜓,"Asiagomphus pacatus (Chao, 1953)",
差翅亚目,春蜓总科,春蜓科,春蜓亚科,亚春蜓属,和平亚春蜓,"Asiagomphus pacificus (Chao, 1953)",
差翅亚目,春蜓总科,春蜓科,春蜓亚科,亚春蜓属,三角亚春蜓,"Asiagomphus perlaetus (Chao, 1953)",
差翅亚目,春蜓总科,春蜓科,春蜓亚科,亚春蜓属,凹缘亚春蜓,"Asiagomphus septimus (Needham, 1930)",
差翅亚目,春蜓总科,春蜓科,春蜓亚科,亚春蜓属,卧佛亚春蜓,"Asiagomphus somnolens (Needham, 1930)",
差翅亚目,春蜓总科,春蜓科,春蜓亚科,缅春蜓属,林间缅春蜓,"Burmagomphus arboreus Lieftinck, 1940",
差翅亚目,春蜓总科,春蜓科,春蜓亚科,缅春蜓属,双纹缅春蜓,"Burmagomphus arvalis (Needham, 1930)",
差翅亚目,春蜓总科,春蜓科,春蜓亚科,缅春蜓属,巴山缅春蜓,"Burmagomphus bashanensis Yang and Li, 1994",
差翅亚目,春蜓总科,春蜓科,春蜓亚科,缅春蜓属,领纹缅春蜓,"Burmagomphus collaris (Needham, 1930)",
差翅亚目,春蜓总科,春蜓科,春蜓亚科,缅春蜓属,欢乐缅春蜓,"Burmagomphus gratiosus Chao, 1954",
差翅亚目,春蜓总科,春蜓科,春蜓亚科,缅春蜓属,溪居缅春蜓,"Burmagomphus intinctus (Needham, 1930)",
差翅亚目,春蜓总科,春蜓科,春蜓亚科,缅春蜓属,索氏缅春蜓,"Burmagomphus sowerbyi (Needham, 1930)",
差翅亚目,春蜓总科,春蜓科,春蜓亚科,缅春蜓属,联纹缅春蜓,"Burmagomphus vermicularis (Martin, 1904)",
差翅亚目,春蜓总科,春蜓科,春蜓亚科,戴春蜓属,双角戴春蜓,"Davidius bicornutus Selys, 1878",
差翅亚目,春蜓总科,春蜓科,春蜓亚科,戴春蜓属,赵氏戴春蜓,"Davidius chaoi Cao and Zheng, 1988",
差翅亚目,春蜓总科,春蜓科,春蜓亚科,戴春蜓属,戴氏戴春蜓,"Davidius davidii Selys, 1878",
差翅亚目,春蜓总科,春蜓科,春蜓亚科,戴春蜓属,弗鲁戴春蜓,"Davidius fruhstorferi Martin, 1904",
差翅亚目,春蜓总科,春蜓科,春蜓亚科,戴春蜓属,新月戴春蜓,"Davidius lunatus (Bartenev, 1914)",
差翅亚目,春蜓总科,春蜓科,春蜓亚科,戴春蜓属,秦岭戴春蜓,"Davidius qinlingensis Cao and Zheng, 1989",
差翅亚目,春蜓总科,春蜓科,春蜓亚科,戴春蜓属,方钩戴春蜓,"Davidius squarrosus Zhu, 1991",
差翅亚目,春蜓总科,春蜓科,春蜓亚科,戴春蜓属,三角戴春蜓,"Davidius triangularis Chao and Yang, 1995",
差翅亚目,春蜓总科,春蜓科,春蜓亚科,戴春蜓属,镰刀戴春蜓,"Davidius trox Needham, 1931",
差翅亚目,春蜓总科,春蜓科,春蜓亚科,戴春蜓属,平截戴春蜓,"Davidius truncus Chao, 1995",
差翅亚目,春蜓总科,春蜓科,春蜓亚科,戴春蜓属,元坝戴春蜓,"Davidius yuanbaensis Zhu, Yan and Li, 1988",
差翅亚目,春蜓总科,春蜓科,春蜓亚科,戴春蜓属,扎洛戴春蜓,"Davidius zallorensis Hagen in Selys, 1878",
差翅亚目,春蜓总科,春蜓科,春蜓亚科,戴春蜓属,周氏戴春蜓,"Davidius zhoui Chao, 1995",
差翅亚目,春蜓总科,春蜓科,春蜓亚科,曙春蜓属,忽视曙春蜓,"Eogomphus neglectus (Needham, 1930)",
差翅亚目,春蜓总科,春蜓科,春蜓亚科,闽春蜓属,赛芳闽春蜓,"Fukienogomphus choifongae Wilson and Tam, 2006",
差翅亚目,春蜓总科,春蜓科,春蜓亚科,闽春蜓属,深山闽春蜓,"Fukienogomphus prometheus (Lieftinck, 1939)",
差翅亚目,春蜓总科,春蜓科,春蜓亚科,闽春蜓属,显著闽春蜓,"Fukienogomphus promineus Chao, 1954",
差翅亚目,春蜓总科,春蜓科,春蜓亚科,长腹春蜓属,长腹春蜓,"Gastrogomphus abdominalis (McLachlan, 1884)",
差翅亚目,春蜓总科,春蜓科,春蜓亚科,曦春蜓属,扭尾曦春蜓,"Heliogomphus retroflexus (Ris, 1912)",
差翅亚目,春蜓总科,春蜓科,春蜓亚科,曦春蜓属,独角曦春蜓,"Heliogomphus scorpio (Ris, 1912)",
差翅亚目,春蜓总科,春蜓科,春蜓亚科,猛春蜓属,凶猛春蜓,"Labrogomphus torvus Needham, 1931",
差翅亚目,春蜓总科,春蜓科,春蜓亚科,纤春蜓属,欢庆纤春蜓,"Leptogomphus celebratus Chao, 1982",
差翅亚目,春蜓总科,春蜓科,春蜓亚科,纤春蜓属,歧角纤春蜓,"Leptogomphus divaricatus Chao, 1984",
差翅亚目,春蜓总科,春蜓科,春蜓亚科,纤春蜓属,优美纤春蜓,"Leptogomphus elegans Lieftinck, 1948",
差翅亚目,春蜓总科,春蜓科,春蜓亚科,纤春蜓属,中文名待定,"Leptogomphus gestroi Selys, 1891",
差翅亚目,春蜓总科,春蜓科,春蜓亚科,纤春蜓属,居间纤春蜓,"Leptogomphus intermedius Chao, 1982",
差翅亚目,春蜓总科,春蜓科,春蜓亚科,纤春蜓属,圆腔纤春蜓,"Leptogomphus perforatus Ris, 1912",
差翅亚目,春蜓总科,春蜓科,春蜓亚科,纤春蜓属,苏氏纤春蜓,"Leptogomphus sauteri Ris, 1912",
差翅亚目,春蜓总科,春蜓科,春蜓亚科,纤春蜓属,独角纤春蜓,"Leptogomphus unicornus Needham, 1930",
差翅亚目,春蜓总科,春蜓科,春蜓亚科,大春蜓属,桂林大春蜓,"Macrogomphus guilinensis Chao, 1982",
差翅亚目,春蜓总科,春蜓科,春蜓亚科,大春蜓属,方斑大春蜓,"Macrogomphus quadratus Selys, 1878",
差翅亚目,春蜓总科,春蜓科,春蜓亚科,大春蜓属,粗壮大春蜓,"Macrogomphus robustus (Selys, 1854)",
差翅亚目,春蜓总科,春蜓科,春蜓亚科,长足春蜓属,赵氏长足春蜓,"Merogomphus chaoi Yang and Davies, 1993",
差翅亚目,春蜓总科,春蜓科,春蜓亚科,长足春蜓属,马丁长足春蜓,"Merogomphus martini (Fraser, 1922)",
差翅亚目,春蜓总科,春蜓科,春蜓亚科,长足春蜓属,帕维长足春蜓,"Merogomphus paviei Martin, 1904",
差翅亚目,春蜓总科,春蜓科,春蜓亚科,长足春蜓属,小长足春蜓,"Merogomphus torpens (Needham, 1930)",
差翅亚目,春蜓总科,春蜓科,春蜓亚科,长足春蜓属,江浙长足春蜓,"Merogomphus vandykei Needham, 1930",
差翅亚目,春蜓总科,春蜓科,春蜓亚科,长足春蜓属,西部长足春蜓,"Merogomphus vespertinus Chao, 1999",
差翅亚目,春蜓总科,春蜓科,春蜓亚科,小春蜓属,朱氏小春蜓,"Microgomphus jurzitzai Karube, 2000",
差翅亚目,春蜓总科,春蜓科,春蜓亚科,邵春蜓属,黎氏邵春蜓,"Shaogomphus lieftincki Chao, 1984",
差翅亚目,春蜓总科,春蜓科,春蜓亚科,邵春蜓属,寒冷邵春蜓,"Shaogomphus postocularis (Selys, 1869)",
差翅亚目,春蜓总科,春蜓科,春蜓亚科,邵春蜓属,施氏邵春蜓,"Shaogomphus schmidti (Asahina, 1956)",
差翅亚目,春蜓总科,春蜓科,春蜓亚科,华春蜓属,朝比奈华春蜓,"Sinogomphus asahinai Chao, 1984",
差翅亚目,春蜓总科,春蜓科,春蜓亚科,华春蜓属,台湾华春蜓,"Sinogomphus formosanus Asahina, 1951",
差翅亚目,春蜓总科,春蜓科,春蜓亚科,华春蜓属,细尾华春蜓,"Sinogomphus leptocercus Chao, 1983",
差翅亚目,春蜓总科,春蜓科,春蜓亚科,华春蜓属,三尖华春蜓,"Sinogomphus orestes (Lieftinck, 1939)",
差翅亚目,春蜓总科,春蜓科,春蜓亚科,华春蜓属,黄侧华春蜓,"Sinogomphus peleus (Lieftinck, 1939)",
差翅亚目,春蜓总科,春蜓科,春蜓亚科,华春蜓属,无裂华春蜓,"Sinogomphus pylades (Lieftinck, 1939)",
差翅亚目,春蜓总科,春蜓科,春蜓亚科,华春蜓属,长角华春蜓,"Sinogomphus scissus (McLachlan, 1896)",
差翅亚目,春蜓总科,春蜓科,春蜓亚科,华春蜓属,修氏华春蜓,"Sinogomphus suensoni (Lieftinck, 1939)",
差翅亚目,春蜓总科,春蜓科,春蜓亚科,华春蜓属,双纹华春蜓,"Sinogomphus telamon (Lieftinck, 1939)",
差翅亚目,春蜓总科,春蜓科,春蜓亚科,尖尾春蜓属,张氏尖尾春蜓,"Stylogomphus changi Asahina, 1968",
差翅亚目,春蜓总科,春蜓科,春蜓亚科,尖尾春蜓属,纯鎏尖尾春蜓,"Stylogomphus chunliuae Chao, 1954",
差翅亚目,春蜓总科,春蜓科,春蜓亚科,尖尾春蜓属,中文名待定,"Stylogomphus lawrenceae Yang and Davies, 1996",
差翅亚目,春蜓总科,春蜓科,春蜓亚科,尖尾春蜓属,肖小尖尾春蜓,"Stylogomphus lutantus Chao, 1983",
差翅亚目,春蜓总科,春蜓科,春蜓亚科,尖尾春蜓属,台湾尖尾春蜓,"Stylogomphus shirozui Asahina, 1966",
差翅亚目,春蜓总科,春蜓科,春蜓亚科,尖尾春蜓属,小尖尾春蜓,"Stylogomphus tantulus Chao, 1954",
差翅亚目,春蜓总科,春蜓科,春蜓亚科,扩腹春蜓属,长节扩腹春蜓,"Stylurus amicus (Needham, 1930)",
差翅亚目,春蜓总科,春蜓科,春蜓亚科,扩腹春蜓属,黑面扩腹春蜓,"Stylurus clathratus (Needham, 1930)",
差翅亚目,春蜓总科,春蜓科,春蜓亚科,扩腹春蜓属,恩迪扩腹春蜓,"Stylurus endicotti (Needham, 1930)",
差翅亚目,春蜓总科,春蜓科,春蜓亚科,扩腹春蜓属,竖角扩腹春蜓,"Stylurus erectocornus Liu and Chao in Chao, 1990",
差翅亚目,春蜓总科,春蜓科,春蜓亚科,扩腹春蜓属,黄角扩腹春蜓,"Stylurus flavicornis (Needham, 1931)",
差翅亚目,春蜓总科,春蜓科,春蜓亚科,扩腹春蜓属,黄足扩腹春蜓,"Stylurus flavipes (Charpentier, 1825)",
差翅亚目,春蜓总科,春蜓科,春蜓亚科,扩腹春蜓属,愉快扩腹春蜓,"Stylurus gaudens (Chao, 1953)",
差翅亚目,春蜓总科,春蜓科,春蜓亚科,扩腹春蜓属,双斑扩腹春蜓,"Stylurus gideon (Needham, 1941)",
差翅亚目,春蜓总科,春蜓科,春蜓亚科,扩腹春蜓属,克雷扩腹春蜓,"Stylurus kreyenbergi (Ris, 1928)",
差翅亚目,春蜓总科,春蜓科,春蜓亚科,扩腹春蜓属,南宁扩腹春蜓,"Stylurus nanningensis Liu, 1985",
差翅亚目,春蜓总科,春蜓科,春蜓亚科,扩腹春蜓属,高尚扩腹春蜓,"Stylurus nobilis Liu and Chao in Chao, 1990",
差翅亚目,春蜓总科,春蜓科,春蜓亚科,扩腹春蜓属,奇特扩腹春蜓,"Stylurus occultus (Selys, 1878)",
差翅亚目,春蜓总科,春蜓科,春蜓亚科,扩腹春蜓属,文雅扩腹春蜓,"Stylurus placidus Liu and Chao in Chao, 1990",
差翅亚目,春蜓总科,春蜓科,春蜓亚科,扩腹春蜓属,深山扩腹春蜓,"Stylurus takashii (Asahina, 1966)",
差翅亚目,春蜓总科,春蜓科,春蜓亚科,扩腹春蜓属,铜仁扩腹春蜓,"Stylurus tongrensis Liu, 1991",
差翅亚目,春蜓总科,春蜓科,春蜓亚科,棘尾春蜓属,野居棘尾春蜓,"Trigomphus agricola (Ris, 1916)",
差翅亚目,春蜓总科,春蜓科,春蜓亚科,棘尾春蜓属,黄唇棘尾春蜓,"Trigomphus beatus Chao, 1954",
差翅亚目,春蜓总科,春蜓科,春蜓亚科,棘尾春蜓属,亲棘尾春蜓,"Trigomphus carus  Chao, 1954",
差翅亚目,春蜓总科,春蜓科,春蜓亚科,棘尾春蜓属,吉林棘尾春蜓,"Trigomphus citimus (Needham, 1931)",
差翅亚目,春蜓总科,春蜓科,春蜓亚科,棘尾春蜓属,海南棘尾春蜓,"Trigomphus hainanensis Zhang and Tong, 2009",
差翅亚目,春蜓总科,春蜓科,春蜓亚科,棘尾春蜓属,净棘尾春蜓,"Trigomphus lautus (Needham, 1931)",
差翅亚目,春蜓总科,春蜓科,春蜓亚科,棘尾春蜓属,黑足棘尾春蜓,"Trigomphus nigripes (Selys, 1887)",
差翅亚目,春蜓总科,春蜓科,春蜓亚科,棘尾春蜓属,斜纹棘尾春蜓,"Trigomphus succumbens (Needham, 1930)",
差翅亚目,春蜓总科,春蜓科,春蜓亚科,棘尾春蜓属,斯氏棘尾春蜓,"Trigomphus svenhedini (Sjostedt, 1933)",
差翅亚目,春蜓总科,春蜓科,哈春蜓亚科,施春蜓属,艾氏施春蜓,"Sieboldius albardae Selys, 1886",
差翅亚目,春蜓总科,春蜓科,哈春蜓亚科,施春蜓属,亚力施春蜓,"Sieboldius alexanderi (Chao, 1955)",
差翅亚目,春蜓总科,春蜓科,哈春蜓亚科,施春蜓属,折尾施春蜓,"Sieboldius deflexus (Chao, 1955)",
差翅亚目,春蜓总科,春蜓科,哈春蜓亚科,施春蜓属,环纹施春蜓,"Sieboldius herculeus Needham, 1930",
差翅亚目,春蜓总科,春蜓科,哈春蜓亚科,施春蜓属,马氏施春蜓,"Sieboldius maai Chao, 1990",
差翅亚目,春蜓总科,春蜓科,林春蜓亚科,小叶春蜓属,联纹小叶春蜓,"Gomphidia confluens Selys, 1878",
差翅亚目,春蜓总科,春蜓科,林春蜓亚科,小叶春蜓属,间纹小叶春蜓,"Gomphidia interruptstria Zha, Zhang and Zheng, 2005",
差翅亚目,春蜓总科,春蜓科,林春蜓亚科,小叶春蜓属,克氏小叶春蜓,"Gomphidia kelloggi Needham, 1930",
差翅亚目,春蜓总科,春蜓科,林春蜓亚科,小叶春蜓属,并纹小叶春蜓,"Gomphidia kruegeri Martin, 1904",
差翅亚目,春蜓总科,春蜓科,林春蜓亚科,叶春蜓属,华饰叶春蜓,"Ictinogomphus decoratus (Selys, 1854)",
差翅亚目,春蜓总科,春蜓科,林春蜓亚科,叶春蜓属,霸王叶春蜓,"Ictinogomphus pertinax (Hagen in Selys, 1854)",
差翅亚目,春蜓总科,春蜓科,林春蜓亚科,叶春蜓属,小团扇春蜓,"Ictinogomphus rapax (Rambur, 1842)",
差翅亚目,春蜓总科,春蜓科,林春蜓亚科,新叶春蜓属,大团扇春蜓,"Sinictinogomphus clavatus (Fabricius, 1775)",
差翅亚目,春蜓总科,春蜓科,钩尾春蜓亚科,安春蜓属,汉森安春蜓,"Amphigomphus hansoni Chao, 1954",
差翅亚目,春蜓总科,春蜓科,钩尾春蜓亚科,环尾春蜓属,驼峰环尾春蜓,"Lamelligomphus camelus (Martin, 1904)",
差翅亚目,春蜓总科,春蜓科,钩尾春蜓亚科,环尾春蜓属,赵氏环尾春蜓,"Lamelligomphus chaoi Zhu, 1999",
差翅亚目,春蜓总科,春蜓科,钩尾春蜓亚科,环尾春蜓属,周氏环尾春蜓,"Lamelligomphus choui Chao and Liu, 1989",
差翅亚目,春蜓总科,春蜓科,钩尾春蜓亚科,环尾春蜓属,台湾环尾春蜓,"Lamelligomphus formosanus (Matsumura in Oguma, 1926)	",
差翅亚目,春蜓总科,春蜓科,钩尾春蜓亚科,环尾春蜓属,海南环尾春蜓,"Lamelligomphus hainanensis (Chao, 1954)",
差翅亚目,春蜓总科,春蜓科,钩尾春蜓亚科,环尾春蜓属,汉中环尾春蜓,"Lamelligomphus hanzhongensis Yang and Zhu, 2001",
差翅亚目,春蜓总科,春蜓科,钩尾春蜓亚科,环尾春蜓属,九曲环尾春蜓,"Lamelligomphus jiuquensis Liu, 1993",
差翅亚目,春蜓总科,春蜓科,钩尾春蜓亚科,环尾春蜓属,墨脱环尾春蜓,"Lamelligomphus motuoensis (Chao, 1983)",
差翅亚目,春蜓总科,春蜓科,钩尾春蜓亚科,环尾春蜓属,环纹环尾春蜓,"Lamelligomphus ringens (Needham, 1930)",
差翅亚目,春蜓总科,春蜓科,钩尾春蜓亚科,环尾春蜓属,脊纹环尾春蜓,"Lamelligomphus trinus (Navás, 1936)",
差翅亚目,春蜓总科,春蜓科,钩尾春蜓亚科,环尾春蜓属,双髻环尾春蜓,"Lamelligomphus tutulus Liu and Chao in Chao, 1990",
差翅亚目,春蜓总科,春蜓科,钩尾春蜓亚科,硕春蜓属,萨默硕春蜓,"Megalogomphus sommeri (Selys, 1854)",
差翅亚目,春蜓总科,春蜓科,钩尾春蜓亚科,弯尾春蜓属,双峰弯尾春蜓,"Melligomphus ardens (Needham, 1930)",
差翅亚目,春蜓总科,春蜓科,钩尾春蜓亚科,弯尾春蜓属,瀑布弯尾春蜓,"Melligomphus cataractus Chao and Liu in Chao, 1990",
差翅亚目,春蜓总科,春蜓科,钩尾春蜓亚科,弯尾春蜓属,罗城弯尾春蜓,"Melligomphus dolus (Needham, 1930)",
差翅亚目,春蜓总科,春蜓科,钩尾春蜓亚科,弯尾春蜓属,广东弯尾春蜓,"Melligomphus guangdongensis (Chao, 1994)",
差翅亚目,春蜓总科,春蜓科,钩尾春蜓亚科,弯尾春蜓属,无峰弯尾春蜓,"Melligomphus ludens (Needham, 1930)",
差翅亚目,春蜓总科,春蜓科,钩尾春蜓亚科,内春蜓属,优雅内春蜓,"Nepogomphus modestus (Selys, 1878)",
差翅亚目,春蜓总科,春蜓科,钩尾春蜓亚科,内春蜓属,沃尔内春蜓,"Nepogomphus walli (Fraser, 1924)",
差翅亚目,春蜓总科,春蜓科,钩尾春蜓亚科,日春蜓属,贝氏日春蜓,"Nihonogomphus bequaerti Chao, 1954",
差翅亚目,春蜓总科,春蜓科,钩尾春蜓亚科,日春蜓属,短翅日春蜓,"Nihonogomphus brevipennis (Needham, 1930)",
差翅亚目,春蜓总科,春蜓科,钩尾春蜓亚科,日春蜓属,赵氏日春蜓,"Nihonogomphus chaoi Zhou and Wu, 1992",
差翅亚目,春蜓总科,春蜓科,钩尾春蜓亚科,日春蜓属,刀日春蜓,"Nihonogomphus cultratus Chao and Wang in Chao, 1990",
差翅亚目,春蜓总科,春蜓科,钩尾春蜓亚科,日春蜓属,浅黄日春蜓,"Nihonogomphus gilvus Chao, 1954",
差翅亚目,春蜓总科,春蜓科,钩尾春蜓亚科,日春蜓属,中文名待定,"Nihonogomphus huangshaensis Chao and Zhu, 1999",
差翅亚目,春蜓总科,春蜓科,钩尾春蜓亚科,日春蜓属,黎氏日春蜓,"Nihonogomphus lieftincki Chao, 1954",
差翅亚目,春蜓总科,春蜓科,钩尾春蜓亚科,日春蜓属,黄侧日春蜓,"Nihonogomphus luteolatus Chao and Liu, 1990",
差翅亚目,春蜓总科,春蜓科,钩尾春蜓亚科,日春蜓属,山日春蜓,"Nihonogomphus montanus Zhou and Wu, 1992",
差翅亚目,春蜓总科,春蜓科,钩尾春蜓亚科,日春蜓属,臼齿日春蜓,"Nihonogomphus ruptus (Selys and Hagen, 1858)",
差翅亚目,春蜓总科,春蜓科,钩尾春蜓亚科,日春蜓属,长钩日春蜓,"Nihonogomphus semanticus Chao, 1954",
差翅亚目,春蜓总科,春蜓科,钩尾春蜓亚科,日春蜓属,邵武日春蜓,"Nihonogomphus shaowuensis Chao, 1954",
差翅亚目,春蜓总科,春蜓科,钩尾春蜓亚科,日春蜓属,中文名待定,"Nihonogomphus silvanus Zhou and Wu, 1992",
差翅亚目,春蜓总科,春蜓科,钩尾春蜓亚科,日春蜓属,相似日春蜓,"Nihonogomphus simillimus Chao, 1982",
差翅亚目,春蜓总科,春蜓科,钩尾春蜓亚科,日春蜓属,汤氏日春蜓,"Nihonogomphus thomassoni (Kirby, 1900)",
差翅亚目,春蜓总科,春蜓科,钩尾春蜓亚科,奈春蜓属,基齿奈春蜓,"Nychogomphus duaricus (Fraser, 1924)",
差翅亚目,春蜓总科,春蜓科,钩尾春蜓亚科,奈春蜓属,黄尾奈春蜓,"Nychogomphus flavicaudus (Chao, 1982)",
差翅亚目,春蜓总科,春蜓科,钩尾春蜓亚科,奈春蜓属,卢氏奈春蜓,"Nychogomphus lui Zhou, Zhou and Li, 2005",
差翅亚目,春蜓总科,春蜓科,钩尾春蜓亚科,奈春蜓属,双条奈春蜓,"Nychogomphus striatus (Fraser, 1924)",
差翅亚目,春蜓总科,春蜓科,钩尾春蜓亚科,蛇纹春蜓属,暗色蛇纹春蜓,"Ophiogomphus obscurus Bartenev, 1909",
差翅亚目,春蜓总科,春蜓科,钩尾春蜓亚科,蛇纹春蜓属,中华长钩春蜓,"Ophiogomphus sinicus (Chao, 1954)",
差翅亚目,春蜓总科,春蜓科,钩尾春蜓亚科,蛇纹春蜓属,棘角蛇纹春蜓,"Ophiogomphus spinicornis Selys, 1878",
差翅亚目,春蜓总科,春蜓科,钩尾春蜓亚科,东方春蜓属,具突东方春蜓,"Orientogomphus armatus Chao and Xu, 1987",
差翅亚目,春蜓总科,春蜓科,钩尾春蜓亚科,副春蜓属,羊角副春蜓,"Paragomphus capricornis (Forster, 1914)",
差翅亚目,春蜓总科,春蜓科,钩尾春蜓亚科,副春蜓属,贺副春蜓,"Paragomphus hoffmanni (Needham, 1931)",
差翅亚目,春蜓总科,春蜓科,钩尾春蜓亚科,副春蜓属,豹纹副春蜓,"Paragomphus pardalinus Needham, 1942",
差翅亚目,春蜓总科,春蜓科,钩尾春蜓亚科,副春蜓属,五指山副春蜓,"Paragomphus wuzhishanensis Liu, 1988",
差翅亚目,春蜓总科,春蜓科,钩尾春蜓亚科,奇春蜓属,朝氏奇春蜓,"Perissogomphus asahinai Zhu, Yang and Wu, 2007",
差翅亚目,春蜓总科,春蜓科,钩尾春蜓亚科,显春蜓属,金黄显春蜓,"Phaenandrogomphus aureus (Laidlaw, 1922)",
差翅亚目,春蜓总科,春蜓科,钩尾春蜓亚科,显春蜓属,丁格显春蜓,"Phaenandrogomphus dingavani (Fraser, 1924)",
差翅亚目,春蜓总科,春蜓科,钩尾春蜓亚科,显春蜓属,沿海显春蜓,"Phaenandrogomphus tonkinicus (Fraser, 1926)",
差翅亚目,春蜓总科,春蜓科,钩尾春蜓亚科,显春蜓属,云南显春蜓,"Phaenandrogomphus yunnanensis Zhou, 1999",
差翅亚目,春蜓总科,春蜓科,钩尾春蜓亚科,刀春蜓属,镰状刀春蜓,"Scalmogomphus falcatus Chao, 1990",
差翅亚目,春蜓总科,春蜓科,钩尾春蜓亚科,刀春蜓属,贵州刀春蜓,"Scalmogomphus guizhouensis Zhou and Li, 2000",
差翅亚目,春蜓总科,春蜓科,钩尾春蜓亚科,刀春蜓属,文山刀春蜓,"Scalmogomphus wenshanensis Zhou, Zhou and Lu, 2005",
差翅亚目,蜻总科,伪蜻科,,伪蜻属,铜绿伪蜻,"Cordulia aenea (Linnaeus, 1758)",
差翅亚目,蜻总科,伪蜻科,,毛伪蜻属,缘斑毛伪蜻,"Epitheca marginata (Selys, 1883)",
差翅亚目,蜻总科,伪蜻科,,半伪蜻属,艾氏半伪蜻,"Hemicordulia edai Karube and Katatani, 2012",
差翅亚目,蜻总科,伪蜻科,,半伪蜻属,棉兰半伪蜻,"Hemicordulia mindana Needham and Gyger, 1937",
差翅亚目,蜻总科,伪蜻科,,异伪蜻属,脊异伪蜻,"Idionyx carinata Fraser, 1926",
差翅亚目,蜻总科,伪蜻科,,异伪蜻属,郁异伪蜻,"Idionyx claudia Ris, 1912",
差翅亚目,蜻总科,伪蜻科,,异伪蜻属,威异伪蜻,"Idionyx victor Hämäläinen, 1991",
差翅亚目,蜻总科,伪蜻科,,中伪蜻属,伊中伪蜻,"Macromidia ellenae Wilson, 1996",
差翅亚目,蜻总科,伪蜻科,,中伪蜻属,易氏中伪蜻,"Macromidia ishidai Asahina, 1964",
差翅亚目,蜻总科,伪蜻科,,中伪蜻属,克氏中伪蜻,"Macromidia kelloggi Asahina, 1978",
差翅亚目,蜻总科,伪蜻科,,中伪蜻属,飓中伪蜻,"Macromidia rapida Martin, 1907",
差翅亚目,蜻总科,伪蜻科,,中伪蜻属,辛氏中伪蜻,"Macromidia shiehae Jiang, Li and Yu, 2008",
差翅亚目,蜻总科,伪蜻科,,金光伪蜻属,绿金光伪蜻,"Somatochlora dido Needham, 1930",
差翅亚目,蜻总科,伪蜻科,,金光伪蜻属,中文名待定,"Somatochlora lingyinensis Zhou and Wa, 1979",
差翅亚目,蜻总科,伪蜻科,,金光伪蜻属,中文名待定,"Somatochlora shanxiensis Zhu and Zhang, 1999",
差翅亚目,蜻总科,伪蜻科,,金光伪蜻属,中文名待定,"Somatochlora shennong Zhang, Vogt and Cai, 2014",
差翅亚目,蜻总科,伪蜻科,,金光伪蜻属,台湾金光伪蜻,"Somatochlora taiwana Inoue and Yokota, 2001",
差翅亚目,蜻总科,蜻科,,锥腹蜻属,锥腹蜻,"Acisoma panorpoides Rambur, 1842",
差翅亚目,蜻总科,蜻科,,异蜻属,褐基异蜻,"Aethriamanta aethra Ris, 1912",
差翅亚目,蜻总科,蜻科,,异蜻属,短腹异蜻,"Aethriamanta brevipennis (Rambur, 1842)",
差翅亚目,蜻总科,蜻科,,野蜻属,非凡野蜻,"Agrionoptera insignis (Rambur, 1842)",
差翅亚目,蜻总科,蜻科,,中文名待定,中文名待定,"Amphithemis vacillans Selys, 1891",
差翅亚目,蜻总科,蜻科,,黑蜻属,雷氏黑蜻,"Atratothemis reelsi Wilson, 2005",
差翅亚目,蜻总科,蜻科,,疏脉蜻属,蓝额疏脉蜻,"Brachydiplax chalybea Brauer, 1868",
差翅亚目,蜻总科,蜻科,,疏脉蜻属,霜白疏脉蜻,"Brachydiplax farinosa Krüger, 1902",
差翅亚目,蜻总科,蜻科,,疏脉蜻属,云南疏脉蜻,"Brachydiplax yunnanensis Fraser, 1924",
差翅亚目,蜻总科,蜻科,,黄翅蜻属,黄翅蜻,"Brachythemis contaminata (Fabricius, 1793)",
差翅亚目,蜻总科,蜻科,,黄翅蜻属,岩蜻属,"Bradinopyga Kirby, 1893",
差翅亚目,蜻总科,蜻科,,黄翅蜻属,赭岩蜻,"Bradinopyga geminata (Rambur, 1842)",
差翅亚目,蜻总科,蜻科,,卡玛蜻属,巨卡玛蜻,"Camacinia gigantea (Brauer, 1867)",
差翅亚目,蜻总科,蜻科,,卡玛蜻属,异色卡玛蜻,"Camacinia harterti Karsch, 1890",
差翅亚目,蜻总科,蜻科,,壮蜻属,流线壮蜻,"Cratilla lineata (Brauer, 1878)",
差翅亚目,蜻总科,蜻科,,红蜻属,红蜻,"Crocothemis servilia (Drury, 1773)",
差翅亚目,蜻总科,蜻科,,多纹蜻属,异色多纹蜻,"Deielia phaon (Selys, 1883)",
差翅亚目,蜻总科,蜻科,,蓝小蜻属,斑蓝小蜻,"Diplacodes nebulosa (Fabricius, 1793)",
差翅亚目,蜻总科,蜻科,,蓝小蜻属,纹蓝小蜻,"Diplacodes trivialis (Rambur, 1842)",
差翅亚目,蜻总科,蜻科,,楔翅蜻属,臀斑楔翅蜻,"Hydrobasileus croceus (Brauer, 1867)",
差翅亚目,蜻总科,蜻科,,印蜻属,蓝印蜻,"Indothemis carnatica (Fabricius, 1798)",
差翅亚目,蜻总科,蜻科,,秘蜻属,亚洲秘蜻,"Lathrecista asiatica (Fabricius, 1798)",
差翅亚目,蜻总科,蜻科,,白面蜻属,白面蜻,"Leucorrhinia dubia (Vander Linden, 1825)",
差翅亚目,蜻总科,蜻科,,蜻属,低斑蜻,"Libellula angelina Selys, 1883",
差翅亚目,蜻总科,蜻科,,蜻属,基斑蜻,"Libellula melli Schmidt, 1948",
差翅亚目,蜻总科,蜻科,,蜻属,四斑蜻,"Libellula quadrimaculata Linnaeus, 1758",
差翅亚目,蜻总科,蜻科,,宽腹蜻属,华丽宽腹蜻,"Lyriothemis elegantissima Selys, 1883",
差翅亚目,蜻总科,蜻科,,宽腹蜻属,黄宽腹蜻,"Lyriothemis flava Oguma, 1915",
差翅亚目,蜻总科,蜻科,,宽腹蜻属,卡美宽腹蜻,"Lyriothemis kameliyae Kompier, 2017",
差翅亚目,蜻总科,蜻科,,宽腹蜻属,闪绿宽腹蜻,"Lyriothemis pachygastra (Selys, 1878)",
差翅亚目,蜻总科,蜻科,,漭蜻属,高翔漭蜻,"Macrodiplax cora (Kaup in Brauer, 1867)",
差翅亚目,蜻总科,蜻科,,红小蜻属,侏红小蜻,"Nannophya pygmaea Rambur, 1842",
差翅亚目,蜻总科,蜻科,,斑小蜻属,膨腹斑小蜻,"Nannophyopsis clara (Needham, 1930)",
差翅亚目,蜻总科,蜻科,,脉蜻属,月斑脉蜻,"Neurothemis fluctuans (Fabricius, 1793)",
差翅亚目,蜻总科,蜻科,,脉蜻属,网脉蜻,"Neurothemis fulvia (Drury, 1773)",
差翅亚目,蜻总科,蜻科,,脉蜻属,兰氏脉蜻,"Neurothemis ramburii (Kaup in Brauer, 1866)",
差翅亚目,蜻总科,蜻科,,脉蜻属,截斑脉蜻,"Neurothemis tullia (Drury, 1773)",
差翅亚目,蜻总科,蜻科,,爪蜻属,山顶爪蜻,"Onychothemis culminicola Forster, 1904",
差翅亚目,蜻总科,蜻科,,爪蜻属,雨林爪蜻,"Onychothemis testacea Laidlaw, 1902",
差翅亚目,蜻总科,蜻科,,灰蜻属,白尾灰蜻,"Orthetrum albistylum Selys, 1848",
差翅亚目,蜻总科,蜻科,,灰蜻属,布鲁灰蜻,"Orthetrum brunneum (Fonscolombe, 1837)",
差翅亚目,蜻总科,蜻科,,灰蜻属,粗灰蜻,"Orthetrum cancellatum (Linnaeus, 1758)	",
差翅亚目,蜻总科,蜻科,,灰蜻属,华丽灰蜻,"Orthetrum chrysis (Selys, 1891)",
差翅亚目,蜻总科,蜻科,,灰蜻属,黑尾灰蜻,"Orthetrum glaucum (Brauer, 1865)",
差翅亚目,蜻总科,蜻科,,灰蜻属,褐肩灰蜻,"Orthetrum internum McLachlan, 1894",
差翅亚目,蜻总科,蜻科,,灰蜻属,线痣灰蜻,"Orthetrum lineostigma (Selys, 1886)",
差翅亚目,蜻总科,蜻科,,灰蜻属,吕宋灰蜻,"Orthetrum luzonicum (Brauer, 1868)",
差翅亚目,蜻总科,蜻科,,灰蜻属,黑异色灰蜻,"Orthetrum melania (Selys, 1883)",
差翅亚目,蜻总科,蜻科,,灰蜻属,斑灰蜻,"Orthetrum poecilops Ris, 1916",
差翅亚目,蜻总科,蜻科,,灰蜻属,赤褐灰蜻,"Orthetrum pruinosum (Burmeister, 1839)",
差翅亚目,蜻总科,蜻科,,灰蜻属,狭腹灰蜻,"Orthetrum sabina (Drury, 1770)",
差翅亚目,蜻总科,蜻科,,灰蜻属,鼎异色灰蜻,"Orthetrum triangulare (Selys, 1878)",
差翅亚目,蜻总科,蜻科,,曲缘蜻属,六斑曲缘蜻,"Palpopleura sexmaculata (Fabricius, 1787)",
差翅亚目,蜻总科,蜻科,,黄蜻属,黄蜻,"Pantala flavescens (Fabricius, 1798)",
差翅亚目,蜻总科,蜻科,,狭翅蜻属,暗色狭翅蜻,"Potamarcha congener (Rambur, 1842)",
差翅亚目,蜻总科,蜻科,,玉带蜻属,玉带蜻,"Pseudothemis zonata (Burmeister, 1839)",
差翅亚目,蜻总科,蜻科,,胭蜻属,红胭蜻,"Rhodothemis rufa (Rambur, 1842)",
差翅亚目,蜻总科,蜻科,,丽翅蜻属,黑丽翅蜻,"Rhyothemis fuliginosa Selys, 1883",
差翅亚目,蜻总科,蜻科,,丽翅蜻属,褐丽翅蜻,"Rhyothemis obsolescens Kirby, 1889",
差翅亚目,蜻总科,蜻科,,丽翅蜻属,全黑丽翅蜻,"Rhyothemis plutonia Selys, 1883",
差翅亚目,蜻总科,蜻科,,丽翅蜻属,王者丽翅蜻,"Rhyothemis regia (Brauer, 1867)",
差翅亚目,蜻总科,蜻科,,丽翅蜻属,赛琳丽翅蜻,"Rhyothemis severini Ris, 1913",
差翅亚目,蜻总科,蜻科,,丽翅蜻属,三角丽翅蜻,"Rhyothemis triangularis Kirby, 1889",
差翅亚目,蜻总科,蜻科,,丽翅蜻属,斑丽翅蜻,"Rhyothemis variegata (Linnaeus, 1763)",
差翅亚目,蜻总科,蜻科,,赛丽蜻属,黑赛丽蜻,"Selysiothemis nigra (Vander Linden, 1825)",
差翅亚目,蜻总科,蜻科,,赤蜻属,大赤蜻,"Sympetrum baccha (Selys, 1884)",
差翅亚目,蜻总科,蜻科,,赤蜻属,长尾赤蜻,"Sympetrum cordulegaster (Selys, 1883)",
差翅亚目,蜻总科,蜻科,,赤蜻属,半黄赤蜻,"Sympetrum croceolum (Selys, 1883)",
差翅亚目,蜻总科,蜻科,,赤蜻属,小黑赤蜻,"Sympetrum danae (Sulzer, 1776)",
差翅亚目,蜻总科,蜻科,,赤蜻属,夏赤蜻,"Sympetrum darwinianum Selys, 1883",
差翅亚目,蜻总科,蜻科,,赤蜻属,低尾赤蜻,"Sympetrum depressiusculum (Selys, 1841)",
差翅亚目,蜻总科,蜻科,,赤蜻属,竖眉赤蜻,"Sympetrum eroticum (Selys, 1883)",
差翅亚目,蜻总科,蜻科,,赤蜻属,黄尾赤蜻,"Sympetrum flaveolum (Linnaeus, 1758)",
差翅亚目,蜻总科,蜻科,,赤蜻属,白条赤蜻,"Sympetrum fonscolombii (Selys, 1840)",
差翅亚目,蜻总科,蜻科,,赤蜻属,秋赤蜻,"Sympetrum frequens (Selys, 1883)",
差翅亚目,蜻总科,蜻科,,赤蜻属,纤灰赤蜻,"Sympetrum gracile Oguma, 1915",
差翅亚目,蜻总科,蜻科,,赤蜻属,黑底赤蜻,"Sympetrum hypomelas (Selys, 1884)",
差翅亚目,蜻总科,蜻科,,赤蜻属,褐顶赤蜻,"Sympetrum infuscatum (Selys, 1883)",
差翅亚目,蜻总科,蜻科,,赤蜻属,小黄赤蜻,"Sympetrum kunckeli (Selys, 1884)",
差翅亚目,蜻总科,蜻科,,赤蜻属,南投赤蜻,"Sympetrum nantouensis Tang, Yeh and Chen, 2013",
差翅亚目,蜻总科,蜻科,,赤蜻属,小赤蜻,"Sympetrum parvulum (Bartenev, 1912)",
差翅亚目,蜻总科,蜻科,,赤蜻属,褐带赤蜻,"Sympetrum pedemontanum (Allioni, 1766)",
差翅亚目,蜻总科,蜻科,,赤蜻属,李氏赤蜻,"Sympetrum risi Bartenev, 1914",
差翅亚目,蜻总科,蜻科,,赤蜻属,旭光赤蜻,"Sympetrum speciosum Oguma, 1915",
差翅亚目,蜻总科,蜻科,,赤蜻属,条斑赤蜻,"Sympetrum striolatum (Charpentier, 1840)",
差翅亚目,蜻总科,蜻科,,赤蜻属,大黄赤蜻,"Sympetrum uniforme (Selys, 1883)",
差翅亚目,蜻总科,蜻科,,赤蜻属,黄腿赤蜻,"Sympetrum vulgatum (Linnaeus, 1758)",
差翅亚目,蜻总科,蜻科,,赤蜻属,肖氏赤蜻,"Sympetrum xiaoi Han and Zhu, 1997",
差翅亚目,蜻总科,蜻科,,方蜻属,宽翅方蜻,"Tetrathemis platyptera Selys, 1878",
差翅亚目,蜻总科,蜻科,,云斑蜻属,云斑蜻,"Tholymis tillarga (Fabricius, 1798)",
差翅亚目,蜻总科,蜻科,,斜痣蜻属,基斜痣蜻,"Tramea basilaris (Palisot de Beauvois, 1805)",
差翅亚目,蜻总科,蜻科,,斜痣蜻属,海神斜痣蜻,"Tramea transmarina Brauer, 1867",
差翅亚目,蜻总科,蜻科,,斜痣蜻属,华斜痣蜻,"Tramea virginia (Rambur, 1842)",
差翅亚目,蜻总科,蜻科,,褐蜻属,晓褐蜻,"Trithemis aurora (Burmeister, 1839)",
差翅亚目,蜻总科,蜻科,,褐蜻属,庆褐蜻,"Trithemis festiva (Rambur, 1842)",
差翅亚目,蜻总科,蜻科,,褐蜻属,灰脉褐蜻,"Trithemis pallidinervis (Kirby, 1889)",
差翅亚目,蜻总科,蜻科,,曲钩脉蜻属,曲钩脉蜻,"Urothemis signata (Rambur, 1842)",
差翅亚目,蜻总科,蜻科,,虹蜻属,朝比奈虹蜻,"Zygonyx asahinai Matsuki and Saito, 1995",
差翅亚目,蜻总科,蜻科,,虹蜻属,彩虹蜻,"Zygonyx iris Selys, 1869",
差翅亚目,蜻总科,蜻科,,虹蜻属,塔卡虹蜻,"Zygonyx takasago Asahina, 1966",
差翅亚目,蜻总科,蜻科,,细腰蜻属,霜白细腰蜻,"Zyxomma obtusum Albarda, 1881",
差翅亚目,蜻总科,蜻科,,细腰蜻属,绿眼细腰蜻,"Zyxomma petiolatum Rambur, 1842",
差翅亚目,蜻总科,大伪蜻科,,丽大伪蜻属,版纳丽大伪蜻,"Epophthalmia bannaensis Zha and Jiang, 2010",
差翅亚目,蜻总科,大伪蜻科,,丽大伪蜻属,闪蓝丽大伪蜻,"Epophthalmia elegans (Brauer, 1865)",
差翅亚目,蜻总科,大伪蜻科,,丽大伪蜻属,管氏丽大伪蜻,"Epophthalmia kuani Jiang, 1998",
差翅亚目,蜻总科,大伪蜻科,,大伪蜻属,圆大伪蜻,"Macromia amphigena Selys, 1871",
差翅亚目,蜻总科,大伪蜻科,,大伪蜻属,北京大伪蜻,"Macromia beijingensis Zhu and Chen, 2005",
差翅亚目,蜻总科,大伪蜻科,,大伪蜻属,伯兰大伪蜻,"Macromia berlandi Lieftinck, 1941",
差翅亚目,蜻总科,大伪蜻科,,大伪蜻属,中文名待定,"Macromia calliope Ris, 1916",
差翅亚目,蜻总科,大伪蜻科,,大伪蜻属,中文名待定,"Macromia chui Asahina, 1968",
差翅亚目,蜻总科,大伪蜻科,,大伪蜻属,海神大伪蜻,"Macromia clio Ris, 1916",
差翅亚目,蜻总科,大伪蜻科,,大伪蜻属,黄斑大伪蜻,"Macromia flavocolorata Fraser, 1922",
差翅亚目,蜻总科,大伪蜻科,,大伪蜻属,烁大伪蜻,"Macromia fulgidifrons Wilson, 1998",
差翅亚目,蜻总科,大伪蜻科,,大伪蜻属,锤钩大伪蜻,"Macromia hamata Zhou, 2003",
差翅亚目,蜻总科,大伪蜻科,,大伪蜻属,天使大伪蜻,"Macromia katae Wilson, 1993",
差翅亚目,蜻总科,大伪蜻科,,大伪蜻属,克氏大伪蜻,"Macromia kiautai Zhou, Wang, Shuai and Liu, 1994",
差翅亚目,蜻总科,大伪蜻科,,大伪蜻属,中文名待定,"Macromia macula Zhou, Wang, Shuai and Liu, 1994",
差翅亚目,蜻总科,大伪蜻科,,大伪蜻属,福建大伪蜻,"Macromia malleifera Lieftinck, 1955",
差翅亚目,蜻总科,大伪蜻科,,大伪蜻属,东北大伪蜻,"Macromia manchurica Asahina, 1964",
差翅亚目,蜻总科,大伪蜻科,,大伪蜻属,莫氏大伪蜻,"Macromia moorei Selys, 1874",
差翅亚目,蜻总科,大伪蜻科,,大伪蜻属,沙天马大伪蜻,"Macromia septima Martin, 1904",
差翅亚目,蜻总科,大伪蜻科,,大伪蜻属,尤卡大伪蜻,"Macromia unca Wilson, 2004",
差翅亚目,蜻总科,大伪蜻科,,大伪蜻属,天王大伪蜻,"Macromia urania Ris, 1916",
差翅亚目,蜻总科,大伪蜻科,,大伪蜻属,云南大伪蜻,"Macromia yunnanensis Zhou, Luo, Hu and Wu, 1993",
