门,纲,目,科,种,学名,保护级别,备注
脊索动物门 CHORDATA,哺乳纲 MAMMALIA,灵长目#,　懒猴科,　　蜂猴,Nycticebus bengalensis,一级,
脊索动物门 CHORDATA,哺乳纲 MAMMALIA,灵长目#,　懒猴科,　　倭蜂猴,Nycticebus pygmaeus,一级,
脊索动物门 CHORDATA,哺乳纲 MAMMALIA,灵长目#,　猴科,　　短尾猴,Macaca arctoides,二级,
脊索动物门 CHORDATA,哺乳纲 MAMMALIA,灵长目#,　猴科,　　熊猴,Macaca assamensis,二级,
脊索动物门 CHORDATA,哺乳纲 MAMMALIA,灵长目#,　猴科,　　台湾猴,Macaca cyclopis,一级,
脊索动物门 CHORDATA,哺乳纲 MAMMALIA,灵长目#,　猴科,　　北豚尾猴,Macaca leonina,一级,原名“豚尾猴”
脊索动物门 CHORDATA,哺乳纲 MAMMALIA,灵长目#,　猴科,　　白颊猕猴,Macaca leucogenys,二级,
脊索动物门 CHORDATA,哺乳纲 MAMMALIA,灵长目#,　猴科,　　猕猴,Macaca mulatta,二级,
脊索动物门 CHORDATA,哺乳纲 MAMMALIA,灵长目#,　猴科,　　藏南猕猴,Macaca munzala,二级,
脊索动物门 CHORDATA,哺乳纲 MAMMALIA,灵长目#,　猴科,　　藏酋猴,Macaca thibetana,二级,
脊索动物门 CHORDATA,哺乳纲 MAMMALIA,灵长目#,　猴科,　　喜山长尾叶猴,Semnopithecus schistaceus,一级,
脊索动物门 CHORDATA,哺乳纲 MAMMALIA,灵长目#,　猴科,　　印支灰叶猴,Trachypithecus crepusculus,一级,
脊索动物门 CHORDATA,哺乳纲 MAMMALIA,灵长目#,　猴科,　　黑叶猴,Trachypithecus francoisi,一级,
脊索动物门 CHORDATA,哺乳纲 MAMMALIA,灵长目#,　猴科,　　菲氏叶猴,Trachypithecus phayrei,一级,
脊索动物门 CHORDATA,哺乳纲 MAMMALIA,灵长目#,　猴科,　　戴帽叶猴,Trachypithecus pileatus ,一级,
脊索动物门 CHORDATA,哺乳纲 MAMMALIA,灵长目#,　猴科,　　白头叶猴,Trachypithecus leucocephalus,一级,
脊索动物门 CHORDATA,哺乳纲 MAMMALIA,灵长目#,　猴科,　　肖氏乌叶猴,Trachypithecus shortridgei,一级,
脊索动物门 CHORDATA,哺乳纲 MAMMALIA,灵长目#,　猴科,　　滇金丝猴,Rhinopithecus bieti,一级,
脊索动物门 CHORDATA,哺乳纲 MAMMALIA,灵长目#,　猴科,　　黔金丝猴,Rhinopithecus brelichi,一级,
脊索动物门 CHORDATA,哺乳纲 MAMMALIA,灵长目#,　猴科,　　川金丝猴,Rhinopithecus roxellana,一级,
脊索动物门 CHORDATA,哺乳纲 MAMMALIA,灵长目#,　猴科,　　怒江金丝猴,Rhinopithecus strykeri,一级,
脊索动物门 CHORDATA,哺乳纲 MAMMALIA,灵长目#,　长臂猿科,　　西白眉长臂猿,Hoolock hoolock,一级,
脊索动物门 CHORDATA,哺乳纲 MAMMALIA,灵长目#,　长臂猿科,　　东白眉长臂猿,Hoolock leuconedys,一级,
脊索动物门 CHORDATA,哺乳纲 MAMMALIA,灵长目#,　长臂猿科,　　高黎贡白眉长臂猿,Hoolock tianxing,一级,
脊索动物门 CHORDATA,哺乳纲 MAMMALIA,灵长目#,　长臂猿科,　　白掌长臂猿,Hylobates lar,一级,
脊索动物门 CHORDATA,哺乳纲 MAMMALIA,灵长目#,　长臂猿科,　　西黑冠长臂猿,Nomascus concolor,一级,
脊索动物门 CHORDATA,哺乳纲 MAMMALIA,灵长目#,　长臂猿科,　　东黑冠长臂猿,Nomascus nasutus,一级,
脊索动物门 CHORDATA,哺乳纲 MAMMALIA,灵长目#,　长臂猿科,　　海南长臂猿,Nomascus hainanus,一级,
脊索动物门 CHORDATA,哺乳纲 MAMMALIA,灵长目#,　长臂猿科,　　北白颊长臂猿,Nomascus leucogenys,一级,
脊索动物门 CHORDATA,哺乳纲 MAMMALIA,鳞甲目#,　鲮鲤科,　　印度穿山甲,Manis crassicaudata,一级,
脊索动物门 CHORDATA,哺乳纲 MAMMALIA,鳞甲目#,　鲮鲤科,　　马来穿山甲,Manis javanica,一级,
脊索动物门 CHORDATA,哺乳纲 MAMMALIA,鳞甲目#,　鲮鲤科,　　穿山甲,Manis pentadactyla,一级,
脊索动物门 CHORDATA,哺乳纲 MAMMALIA,食肉目,　犬科,　　狼,Canis lupus,二级,
脊索动物门 CHORDATA,哺乳纲 MAMMALIA,食肉目,　犬科,　　亚洲胡狼,Canis aureus,二级,
脊索动物门 CHORDATA,哺乳纲 MAMMALIA,食肉目,　犬科,　　豺,Cuon alpinus,一级,
脊索动物门 CHORDATA,哺乳纲 MAMMALIA,食肉目,　犬科,　　貉,Nyctereutes procyonoides,二级,仅限野外种群
脊索动物门 CHORDATA,哺乳纲 MAMMALIA,食肉目,　犬科,　　沙狐,Vulpes corsac,二级,
脊索动物门 CHORDATA,哺乳纲 MAMMALIA,食肉目,　犬科,　　藏狐,Vulpes ferrilata,二级,
脊索动物门 CHORDATA,哺乳纲 MAMMALIA,食肉目,　犬科,　　赤狐,Vulpes vulpes,二级,
脊索动物门 CHORDATA,哺乳纲 MAMMALIA,食肉目,　熊科#,　　懒熊,Melursus ursinus,二级,
脊索动物门 CHORDATA,哺乳纲 MAMMALIA,食肉目,　熊科#,　　马来熊,Helarctos malayanus,一级,
脊索动物门 CHORDATA,哺乳纲 MAMMALIA,食肉目,　熊科#,　　棕熊,Ursus arctos,二级,
脊索动物门 CHORDATA,哺乳纲 MAMMALIA,食肉目,　熊科#,　　黑熊,Ursus thibetanus,二级,
脊索动物门 CHORDATA,哺乳纲 MAMMALIA,食肉目,　大熊猫科#,　　大熊猫,Ailuropoda melanoleuca,一级,
脊索动物门 CHORDATA,哺乳纲 MAMMALIA,食肉目,　小熊猫科#,　　小熊猫,Ailurus fulgens,二级,
脊索动物门 CHORDATA,哺乳纲 MAMMALIA,食肉目,　鼬科,　　黄喉貂,Martes flavigula,二级,
脊索动物门 CHORDATA,哺乳纲 MAMMALIA,食肉目,　鼬科,　　石貂,Martes foina,二级,
脊索动物门 CHORDATA,哺乳纲 MAMMALIA,食肉目,　鼬科,　　紫貂,Martes zibellina,一级,
脊索动物门 CHORDATA,哺乳纲 MAMMALIA,食肉目,　鼬科,　　貂熊,Gulo gulo,一级,
脊索动物门 CHORDATA,哺乳纲 MAMMALIA,食肉目,　鼬科,　　*小爪水獭,Aonyx cinerea,二级,
脊索动物门 CHORDATA,哺乳纲 MAMMALIA,食肉目,　鼬科,　　*水獭,Lutra lutra,二级,
脊索动物门 CHORDATA,哺乳纲 MAMMALIA,食肉目,　鼬科,　　*江獭,Lutrogale perspicillata,二级,
脊索动物门 CHORDATA,哺乳纲 MAMMALIA,食肉目,　灵猫科,　　大斑灵猫,Viverra megaspila,一级,
脊索动物门 CHORDATA,哺乳纲 MAMMALIA,食肉目,　灵猫科,　　大灵猫,Viverra zibetha,一级,
脊索动物门 CHORDATA,哺乳纲 MAMMALIA,食肉目,　灵猫科,　　小灵猫,Viverricula indica,一级,
脊索动物门 CHORDATA,哺乳纲 MAMMALIA,食肉目,　灵猫科,　　椰子猫,Paradoxurus hermaphroditus,二级,
脊索动物门 CHORDATA,哺乳纲 MAMMALIA,食肉目,　灵猫科,　　熊狸,Arctictis binturong,一级,
脊索动物门 CHORDATA,哺乳纲 MAMMALIA,食肉目,　灵猫科,　　小齿狸,Arctogalidia trivirgata,一级,
脊索动物门 CHORDATA,哺乳纲 MAMMALIA,食肉目,　灵猫科,　　缟灵猫,Chrotogale owstoni,一级,
脊索动物门 CHORDATA,哺乳纲 MAMMALIA,食肉目,　林狸科,　　斑林狸,Prionodon pardicolor,二级,
脊索动物门 CHORDATA,哺乳纲 MAMMALIA,食肉目,　猫科#,　　荒漠猫,Felis bieti,一级,
脊索动物门 CHORDATA,哺乳纲 MAMMALIA,食肉目,　猫科#,　　丛林猫,Felis chaus,一级,
脊索动物门 CHORDATA,哺乳纲 MAMMALIA,食肉目,　猫科#,　　野猫,Felis silvestris,二级,原名“草原斑猫”
脊索动物门 CHORDATA,哺乳纲 MAMMALIA,食肉目,　猫科#,　　渔猫,Felis viverrinus,二级,
脊索动物门 CHORDATA,哺乳纲 MAMMALIA,食肉目,　猫科#,　　兔狲,Otocolobus manul,二级,
脊索动物门 CHORDATA,哺乳纲 MAMMALIA,食肉目,　猫科#,　　猞猁,Lynx lynx,二级,
脊索动物门 CHORDATA,哺乳纲 MAMMALIA,食肉目,　猫科#,　　云猫,Pardofelis marmorata,二级,
脊索动物门 CHORDATA,哺乳纲 MAMMALIA,食肉目,　猫科#,　　金猫,Pardofelis temminckii,一级,
脊索动物门 CHORDATA,哺乳纲 MAMMALIA,食肉目,　猫科#,　　豹猫,Prionailurus bengalensis,二级,
脊索动物门 CHORDATA,哺乳纲 MAMMALIA,食肉目,　猫科#,　　云豹,Neofelis nebulosa,一级,
脊索动物门 CHORDATA,哺乳纲 MAMMALIA,食肉目,　猫科#,　　豹,Panthera pardus,一级,
脊索动物门 CHORDATA,哺乳纲 MAMMALIA,食肉目,　猫科#,　　虎,Panthera tigris,一级,
脊索动物门 CHORDATA,哺乳纲 MAMMALIA,食肉目,　猫科#,　　雪豹,Panthera uncia,一级,
脊索动物门 CHORDATA,哺乳纲 MAMMALIA,食肉目,　海狮科#,　　*北海狗,Callorhinus ursinus,二级,
脊索动物门 CHORDATA,哺乳纲 MAMMALIA,食肉目,　海狮科#,　　*北海狮,Eumetopias jubatus,二级,
脊索动物门 CHORDATA,哺乳纲 MAMMALIA,食肉目,　海豹科#,　　*西太平洋斑海豹,Phoca largha,一级,原名“斑海豹”
脊索动物门 CHORDATA,哺乳纲 MAMMALIA,食肉目,　海豹科#,　　*髯海豹,Erignathus barbatus,二级,
脊索动物门 CHORDATA,哺乳纲 MAMMALIA,食肉目,　海豹科#,　　*环海豹,Pusa  hispida,二级,
脊索动物门 CHORDATA,哺乳纲 MAMMALIA,长鼻目#,　象科,　　亚洲象,Elephas maximus,一级,
脊索动物门 CHORDATA,哺乳纲 MAMMALIA,奇蹄目,　马科,　　普氏野马,Equus ferus,一级,原名“野马”
脊索动物门 CHORDATA,哺乳纲 MAMMALIA,奇蹄目,　马科,　　蒙古野驴,Equus hemionus,一级,
脊索动物门 CHORDATA,哺乳纲 MAMMALIA,奇蹄目,　马科,　　藏野驴,Equus kiang,一级,原名“西藏野驴”
脊索动物门 CHORDATA,哺乳纲 MAMMALIA,偶蹄目,　骆驼科,　　野骆驼,Camelus ferus,一级,
脊索动物门 CHORDATA,哺乳纲 MAMMALIA,偶蹄目,　鼷鹿科#,　　威氏鼷鹿,Tragulus williamsoni,一级,原名“鼷鹿”
脊索动物门 CHORDATA,哺乳纲 MAMMALIA,偶蹄目,　麝科#,　　安徽麝,Moschus anhuiensis,一级,
脊索动物门 CHORDATA,哺乳纲 MAMMALIA,偶蹄目,　麝科#,　　林麝,Moschus berezovskii,一级,
脊索动物门 CHORDATA,哺乳纲 MAMMALIA,偶蹄目,　麝科#,　　马麝,Moschus chrysogaster,一级,
脊索动物门 CHORDATA,哺乳纲 MAMMALIA,偶蹄目,　麝科#,　　黑麝,Moschus fuscus,一级,
脊索动物门 CHORDATA,哺乳纲 MAMMALIA,偶蹄目,　麝科#,　　喜马拉雅麝,Moschus leucogaster,一级,
脊索动物门 CHORDATA,哺乳纲 MAMMALIA,偶蹄目,　麝科#,　　原麝,Moschus moschiferus,一级,
脊索动物门 CHORDATA,哺乳纲 MAMMALIA,偶蹄目,　鹿科,　　獐,Hydropotes inermis,二级,原名“河麂”
脊索动物门 CHORDATA,哺乳纲 MAMMALIA,偶蹄目,　鹿科,　　黑麂,Muntiacus crinifrons,一级,
脊索动物门 CHORDATA,哺乳纲 MAMMALIA,偶蹄目,　鹿科,　　贡山麂,Muntiacus gongshanensis,二级,
脊索动物门 CHORDATA,哺乳纲 MAMMALIA,偶蹄目,　鹿科,　　海南麂,Muntiacus nigripes,二级,
脊索动物门 CHORDATA,哺乳纲 MAMMALIA,偶蹄目,　鹿科,　　豚鹿,Axis porcinus,一级,
脊索动物门 CHORDATA,哺乳纲 MAMMALIA,偶蹄目,　鹿科,　　水鹿,Cervus equinus,二级,
脊索动物门 CHORDATA,哺乳纲 MAMMALIA,偶蹄目,　鹿科,　　梅花鹿,Cervus nippon,一级,仅限野外种群
脊索动物门 CHORDATA,哺乳纲 MAMMALIA,偶蹄目,　鹿科,　　马鹿,Cervus canadensis,二级,仅限野外种群
脊索动物门 CHORDATA,哺乳纲 MAMMALIA,偶蹄目,　鹿科,　　西藏马鹿（包括白臀鹿）,Cervus wallichii（C. w. macneilli）,一级,
脊索动物门 CHORDATA,哺乳纲 MAMMALIA,偶蹄目,　鹿科,　　塔里木马鹿,Cervus yarkandensis,一级,仅限野外种群
脊索动物门 CHORDATA,哺乳纲 MAMMALIA,偶蹄目,　鹿科,　　坡鹿,Panolia siamensis,一级,
脊索动物门 CHORDATA,哺乳纲 MAMMALIA,偶蹄目,　鹿科,　　白唇鹿,Przewalskium albirostris,一级,
脊索动物门 CHORDATA,哺乳纲 MAMMALIA,偶蹄目,　鹿科,　　麋鹿,Elaphurus davidianus,一级,
脊索动物门 CHORDATA,哺乳纲 MAMMALIA,偶蹄目,　鹿科,　　毛冠鹿,Elaphodus cephalophus,二级,
脊索动物门 CHORDATA,哺乳纲 MAMMALIA,偶蹄目,　鹿科,　　驼鹿,Alces alces,一级,
脊索动物门 CHORDATA,哺乳纲 MAMMALIA,偶蹄目,　牛科,　　野牛,Bos gaurus,一级,
脊索动物门 CHORDATA,哺乳纲 MAMMALIA,偶蹄目,　牛科,　　爪哇野牛,Bos javanicus,一级,
脊索动物门 CHORDATA,哺乳纲 MAMMALIA,偶蹄目,　牛科,　　野牦牛,Bos mutus,一级,
脊索动物门 CHORDATA,哺乳纲 MAMMALIA,偶蹄目,　牛科,　　蒙原羚,Procapra gutturosa,一级,原名“黄羊”
脊索动物门 CHORDATA,哺乳纲 MAMMALIA,偶蹄目,　牛科,　　藏原羚,Procapra picticaudata,二级,
脊索动物门 CHORDATA,哺乳纲 MAMMALIA,偶蹄目,　牛科,　　普氏原羚,Procapra przewalskii,一级,
脊索动物门 CHORDATA,哺乳纲 MAMMALIA,偶蹄目,　牛科,　　鹅喉羚,Gazella subgutturosa,二级,
脊索动物门 CHORDATA,哺乳纲 MAMMALIA,偶蹄目,　牛科,　　藏羚,Pantholops hodgsonii,一级,
脊索动物门 CHORDATA,哺乳纲 MAMMALIA,偶蹄目,　牛科,　　高鼻羚羊,Saiga tatarica,一级,
脊索动物门 CHORDATA,哺乳纲 MAMMALIA,偶蹄目,　牛科,　　秦岭羚牛,Budorcas bedfordi,一级,
脊索动物门 CHORDATA,哺乳纲 MAMMALIA,偶蹄目,　牛科,　　四川羚牛,Budorcas tibetanus,一级,
脊索动物门 CHORDATA,哺乳纲 MAMMALIA,偶蹄目,　牛科,　　不丹羚牛,Budorcas whitei,一级,
脊索动物门 CHORDATA,哺乳纲 MAMMALIA,偶蹄目,　牛科,　　贡山羚牛,Budorcas taxicolor,一级,原名“扭角羚”
脊索动物门 CHORDATA,哺乳纲 MAMMALIA,偶蹄目,　牛科,　　赤斑羚,Naemorhedus baileyi,一级,
脊索动物门 CHORDATA,哺乳纲 MAMMALIA,偶蹄目,　牛科,　　长尾斑羚,Naemorhedus caudatus,二级,
脊索动物门 CHORDATA,哺乳纲 MAMMALIA,偶蹄目,　牛科,　　缅甸斑羚,Naemorhedus evansi,二级,
脊索动物门 CHORDATA,哺乳纲 MAMMALIA,偶蹄目,　牛科,　　喜马拉雅斑羚,Naemorhedus goral,一级,原名“斑羚”
脊索动物门 CHORDATA,哺乳纲 MAMMALIA,偶蹄目,　牛科,　　中华斑羚,Naemorhedus griseus,二级,
脊索动物门 CHORDATA,哺乳纲 MAMMALIA,偶蹄目,　牛科,　　塔尔羊,Hemitragus jemlahicus,一级,
脊索动物门 CHORDATA,哺乳纲 MAMMALIA,偶蹄目,　牛科,　　北山羊,Capra sibirica,二级,
脊索动物门 CHORDATA,哺乳纲 MAMMALIA,偶蹄目,　牛科,　　岩羊,Pseudois nayaur,二级,
脊索动物门 CHORDATA,哺乳纲 MAMMALIA,偶蹄目,　牛科,　　阿尔泰盘羊,Ovis ammon,二级,原名“盘羊”
脊索动物门 CHORDATA,哺乳纲 MAMMALIA,偶蹄目,　牛科,　　哈萨克盘羊,Ovis collium,二级,
脊索动物门 CHORDATA,哺乳纲 MAMMALIA,偶蹄目,　牛科,　　戈壁盘羊,Ovis darwini,二级,
脊索动物门 CHORDATA,哺乳纲 MAMMALIA,偶蹄目,　牛科,　　西藏盘羊,Ovis hodgsoni,一级,
脊索动物门 CHORDATA,哺乳纲 MAMMALIA,偶蹄目,　牛科,　　天山盘羊,Ovis karelini,二级,
脊索动物门 CHORDATA,哺乳纲 MAMMALIA,偶蹄目,　牛科,　　帕米尔盘羊,Ovis polii,二级,
脊索动物门 CHORDATA,哺乳纲 MAMMALIA,偶蹄目,　牛科,　　中华鬣羚,Capricornis milneedwardsii,二级,原名“鬣羚”
脊索动物门 CHORDATA,哺乳纲 MAMMALIA,偶蹄目,　牛科,　　红鬣羚,Capricornis rubidus,二级,
脊索动物门 CHORDATA,哺乳纲 MAMMALIA,偶蹄目,　牛科,　　台湾鬣羚,Capricornis swinhoei,一级,
脊索动物门 CHORDATA,哺乳纲 MAMMALIA,偶蹄目,　牛科,　　喜马拉雅鬣羚,Capricornis thar,一级,
脊索动物门 CHORDATA,哺乳纲 MAMMALIA,啮齿目,　河狸科,　　河狸,Castor fiber,一级,
脊索动物门 CHORDATA,哺乳纲 MAMMALIA,啮齿目,　松鼠科,　　巨松鼠,Ratufa bicolor,二级,
脊索动物门 CHORDATA,哺乳纲 MAMMALIA,兔形目,　鼠兔科,　　贺兰山鼠兔,Ochotona argentata,二级,
脊索动物门 CHORDATA,哺乳纲 MAMMALIA,兔形目,　鼠兔科,　　伊犁鼠兔,Ochotona iliensis,二级,
脊索动物门 CHORDATA,哺乳纲 MAMMALIA,兔形目,　兔科,　　粗毛兔,Caprolagus hispidus,二级,
脊索动物门 CHORDATA,哺乳纲 MAMMALIA,兔形目,　兔科,　　海南兔,Lepus hainanus,二级,
脊索动物门 CHORDATA,哺乳纲 MAMMALIA,兔形目,　兔科,　　雪兔,Lepus timidus,二级,
脊索动物门 CHORDATA,哺乳纲 MAMMALIA,兔形目,　兔科,　　塔里木兔,Lepus yarkandensis,二级,
脊索动物门 CHORDATA,哺乳纲 MAMMALIA,海牛目#,　儒艮科,　　*儒艮,Dugong dugon,一级,
脊索动物门 CHORDATA,哺乳纲 MAMMALIA,鲸目#,　露脊鲸科,　　*北太平洋露脊鲸,Eubalaena japonica,一级,
脊索动物门 CHORDATA,哺乳纲 MAMMALIA,鲸目#,　灰鲸科,　　*灰鲸,Eschrichtius robustus,一级,
脊索动物门 CHORDATA,哺乳纲 MAMMALIA,鲸目#,　须鲸科,　　*蓝鲸,Balaenoptera musculus,一级,
脊索动物门 CHORDATA,哺乳纲 MAMMALIA,鲸目#,　须鲸科,　　*小须鲸,Balaenoptera acutorostrata,一级,
脊索动物门 CHORDATA,哺乳纲 MAMMALIA,鲸目#,　须鲸科,　　*塞鲸,Balaenoptera borealis,一级,
脊索动物门 CHORDATA,哺乳纲 MAMMALIA,鲸目#,　须鲸科,　　*布氏鲸,Balaenoptera edeni,一级,
脊索动物门 CHORDATA,哺乳纲 MAMMALIA,鲸目#,　须鲸科,　　*大村鲸,Balaenoptera omurai,一级,
脊索动物门 CHORDATA,哺乳纲 MAMMALIA,鲸目#,　须鲸科,　　*长须鲸,Balaenoptera physalus,一级,
脊索动物门 CHORDATA,哺乳纲 MAMMALIA,鲸目#,　须鲸科,　　*大翅鲸,Megaptera novaeangliae,一级,
脊索动物门 CHORDATA,哺乳纲 MAMMALIA,鲸目#,　白鱀豚科,　　*白鱀豚,Lipotes vexillifer,一级,
脊索动物门 CHORDATA,哺乳纲 MAMMALIA,鲸目#,　恒河豚科,　　*恒河豚,Platanista gangetica,一级,
脊索动物门 CHORDATA,哺乳纲 MAMMALIA,鲸目#,　海豚科,　　*中华白海豚,Sousa chinensis,一级,
脊索动物门 CHORDATA,哺乳纲 MAMMALIA,鲸目#,　海豚科,　　*糙齿海豚,Steno bredanensis,二级,
脊索动物门 CHORDATA,哺乳纲 MAMMALIA,鲸目#,　海豚科,　　*热带点斑原海豚,Stenella attenuata,二级,
脊索动物门 CHORDATA,哺乳纲 MAMMALIA,鲸目#,　海豚科,　　*条纹原海豚,Stenella coeruleoalba,二级,
脊索动物门 CHORDATA,哺乳纲 MAMMALIA,鲸目#,　海豚科,　　*飞旋原海豚,Stenella longirostris,二级,
脊索动物门 CHORDATA,哺乳纲 MAMMALIA,鲸目#,　海豚科,　　*长喙真海豚,Delphinus capensis,二级,
脊索动物门 CHORDATA,哺乳纲 MAMMALIA,鲸目#,　海豚科,　　*真海豚,Delphinus delphis,二级,
脊索动物门 CHORDATA,哺乳纲 MAMMALIA,鲸目#,　海豚科,　　*印太瓶鼻海豚,Tursiops aduncus,二级,
脊索动物门 CHORDATA,哺乳纲 MAMMALIA,鲸目#,　海豚科,　　*瓶鼻海豚,Tursiops truncatus,二级,
脊索动物门 CHORDATA,哺乳纲 MAMMALIA,鲸目#,　海豚科,　　*弗氏海豚,Lagenodelphis hosei,二级,
脊索动物门 CHORDATA,哺乳纲 MAMMALIA,鲸目#,　海豚科,　　*里氏海豚,Grampus griseus,二级,
脊索动物门 CHORDATA,哺乳纲 MAMMALIA,鲸目#,　海豚科,　　*太平洋斑纹海豚,Lagenorhynchus obliquidens,二级,
脊索动物门 CHORDATA,哺乳纲 MAMMALIA,鲸目#,　海豚科,　　*瓜头鲸,Peponocephala electra,二级,
脊索动物门 CHORDATA,哺乳纲 MAMMALIA,鲸目#,　海豚科,　　*虎鲸,Orcinus orca,二级,
脊索动物门 CHORDATA,哺乳纲 MAMMALIA,鲸目#,　海豚科,　　*伪虎鲸,Pseudorca crassidens,二级,
脊索动物门 CHORDATA,哺乳纲 MAMMALIA,鲸目#,　海豚科,　　*小虎鲸,Feresa attenuata,二级,
脊索动物门 CHORDATA,哺乳纲 MAMMALIA,鲸目#,　海豚科,　　*短肢领航鲸,Globicephala macrorhynchus,二级,
脊索动物门 CHORDATA,哺乳纲 MAMMALIA,鲸目#,　鼠海豚科,　　*长江江豚,Neophocaena asiaeorientalis,一级,
脊索动物门 CHORDATA,哺乳纲 MAMMALIA,鲸目#,　鼠海豚科,　　*东亚江豚,Neophocaena sunameri,二级,
脊索动物门 CHORDATA,哺乳纲 MAMMALIA,鲸目#,　鼠海豚科,　　*印太江豚,Neophocaena phocaenoid,二级,
脊索动物门 CHORDATA,哺乳纲 MAMMALIA,鲸目#,　抹香鲸科,　　*抹香鲸,Physeter macrocephalus,一级,
脊索动物门 CHORDATA,哺乳纲 MAMMALIA,鲸目#,　抹香鲸科,　　*小抹香鲸,Kogia breviceps,二级,
脊索动物门 CHORDATA,哺乳纲 MAMMALIA,鲸目#,　抹香鲸科,　　*侏抹香鲸,Kogia sima,二级,
脊索动物门 CHORDATA,哺乳纲 MAMMALIA,鲸目#,　喙鲸科,　　*鹅喙鲸,Ziphius cavirostris,二级,
脊索动物门 CHORDATA,哺乳纲 MAMMALIA,鲸目#,　喙鲸科,　　*柏氏中喙鲸,Mesoplodon densirostris,二级,
脊索动物门 CHORDATA,哺乳纲 MAMMALIA,鲸目#,　喙鲸科,　　*银杏齿中喙鲸,Mesoplodon ginkgodens,二级,
脊索动物门 CHORDATA,哺乳纲 MAMMALIA,鲸目#,　喙鲸科,　　*小中喙鲸,Mesoplodon peruvianus,二级,
脊索动物门 CHORDATA,哺乳纲 MAMMALIA,鲸目#,　喙鲸科,　　*贝氏喙鲸,Berardius bairdii,二级,
脊索动物门 CHORDATA,哺乳纲 MAMMALIA,鲸目#,　喙鲸科,　　*朗氏喙鲸,Indopacetus pacificus,二级,
脊索动物门 CHORDATA,鸟纲 AVES,鸡形目,　雉科,　　环颈山鹧鸪,Arborophila torqueola,二级,
脊索动物门 CHORDATA,鸟纲 AVES,鸡形目,　雉科,　　四川山鹧鸪,Arborophila rufipectus,一级,
脊索动物门 CHORDATA,鸟纲 AVES,鸡形目,　雉科,　　红喉山鹧鸪,Arborophila rufogularis,二级,
脊索动物门 CHORDATA,鸟纲 AVES,鸡形目,　雉科,　　白眉山鹧鸪,Arborophila gingica,二级,
脊索动物门 CHORDATA,鸟纲 AVES,鸡形目,　雉科,　　白颊山鹧鸪,Arborophila atrogularis,二级,
脊索动物门 CHORDATA,鸟纲 AVES,鸡形目,　雉科,　　褐胸山鹧鸪,Arborophila brunneopectus,二级,
脊索动物门 CHORDATA,鸟纲 AVES,鸡形目,　雉科,　　红胸山鹧鸪,Arborophila mandellii,二级,
脊索动物门 CHORDATA,鸟纲 AVES,鸡形目,　雉科,　　台湾山鹧鸪,Arborophila crudigularis,二级,
脊索动物门 CHORDATA,鸟纲 AVES,鸡形目,　雉科,　　海南山鹧鸪,Arborophila ardens,一级,
脊索动物门 CHORDATA,鸟纲 AVES,鸡形目,　雉科,　　绿脚树鹧鸪,Tropicoperdix chloropus,二级,
脊索动物门 CHORDATA,鸟纲 AVES,鸡形目,　雉科,　　花尾榛鸡,Tetrastes bonasia,二级,
脊索动物门 CHORDATA,鸟纲 AVES,鸡形目,　雉科,　　斑尾榛鸡,Tetrastes sewerzowi,一级,
脊索动物门 CHORDATA,鸟纲 AVES,鸡形目,　雉科,　　镰翅鸡,Falcipennis falcipennis,二级,
脊索动物门 CHORDATA,鸟纲 AVES,鸡形目,　雉科,　　松鸡,Tetrao urogallus,二级,
脊索动物门 CHORDATA,鸟纲 AVES,鸡形目,　雉科,　　黑嘴松鸡,Tetrao urogalloides,一级,原名“细嘴松鸡”
脊索动物门 CHORDATA,鸟纲 AVES,鸡形目,　雉科,　　黑琴鸡,Lyrurus tetrix,一级,
脊索动物门 CHORDATA,鸟纲 AVES,鸡形目,　雉科,　　岩雷鸟,Lagopus muta,二级,
脊索动物门 CHORDATA,鸟纲 AVES,鸡形目,　雉科,　　柳雷鸟,Lagopus lagopus,二级,
脊索动物门 CHORDATA,鸟纲 AVES,鸡形目,　雉科,　　红喉雉鹑,Tetraophasis obscurus,一级,原名“雉鹑”
脊索动物门 CHORDATA,鸟纲 AVES,鸡形目,　雉科,　　黄喉雉鹑,Tetraophasis szechenyii,一级,
脊索动物门 CHORDATA,鸟纲 AVES,鸡形目,　雉科,　　暗腹雪鸡,Tetraogallus himalayensis,二级,
脊索动物门 CHORDATA,鸟纲 AVES,鸡形目,　雉科,　　藏雪鸡,Tetraogallus tibetanus,二级,
脊索动物门 CHORDATA,鸟纲 AVES,鸡形目,　雉科,　　阿尔泰雪鸡,Tetraogallus altaicus,二级,
脊索动物门 CHORDATA,鸟纲 AVES,鸡形目,　雉科,　　大石鸡,Alectoris magna,二级,
脊索动物门 CHORDATA,鸟纲 AVES,鸡形目,　雉科,　　血雉,Ithaginis cruentus,二级,
脊索动物门 CHORDATA,鸟纲 AVES,鸡形目,　雉科,　　黑头角雉,Tragopan melanocephalus,一级,
脊索动物门 CHORDATA,鸟纲 AVES,鸡形目,　雉科,　　红胸角雉,Tragopan satyra,一级,
脊索动物门 CHORDATA,鸟纲 AVES,鸡形目,　雉科,　　灰腹角雉,Tragopan blythii,一级,
脊索动物门 CHORDATA,鸟纲 AVES,鸡形目,　雉科,　　红腹角雉,Tragopan temminckii,二级,
脊索动物门 CHORDATA,鸟纲 AVES,鸡形目,　雉科,　　黄腹角雉,Tragopan caboti,一级,
脊索动物门 CHORDATA,鸟纲 AVES,鸡形目,　雉科,　　勺鸡,Pucrasia macrolopha,二级,
脊索动物门 CHORDATA,鸟纲 AVES,鸡形目,　雉科,　　棕尾虹雉,Lophophorus impejanus,一级,
脊索动物门 CHORDATA,鸟纲 AVES,鸡形目,　雉科,　　白尾梢虹雉,Lophophorus sclateri,一级,
脊索动物门 CHORDATA,鸟纲 AVES,鸡形目,　雉科,　　绿尾虹雉,Lophophorus lhuysii,一级,
脊索动物门 CHORDATA,鸟纲 AVES,鸡形目,　雉科,　　红原鸡,Gallus gallus,二级,原名“原鸡”
脊索动物门 CHORDATA,鸟纲 AVES,鸡形目,　雉科,　　黑鹇,Lophura leucomelanos,二级,
脊索动物门 CHORDATA,鸟纲 AVES,鸡形目,　雉科,　　白鹇,Lophura nycthemera,二级,
脊索动物门 CHORDATA,鸟纲 AVES,鸡形目,　雉科,　　蓝腹鹇,Lophura swinhoii,一级,原名“蓝鹇”
脊索动物门 CHORDATA,鸟纲 AVES,鸡形目,　雉科,　　白马鸡,Crossoptilon crossoptilon,二级,原名“藏马鸡”
脊索动物门 CHORDATA,鸟纲 AVES,鸡形目,　雉科,　　藏马鸡,Crossoptilon harmani,二级,
脊索动物门 CHORDATA,鸟纲 AVES,鸡形目,　雉科,　　褐马鸡,Crossoptilon mantchuricum,一级,
脊索动物门 CHORDATA,鸟纲 AVES,鸡形目,　雉科,　　蓝马鸡,Crossoptilon auritum,二级,
脊索动物门 CHORDATA,鸟纲 AVES,鸡形目,　雉科,　　白颈长尾雉,Syrmaticus ellioti,一级,
脊索动物门 CHORDATA,鸟纲 AVES,鸡形目,　雉科,　　黑颈长尾雉,Syrmaticus humiae,一级,
脊索动物门 CHORDATA,鸟纲 AVES,鸡形目,　雉科,　　黑长尾雉,Syrmaticus mikado,一级,
脊索动物门 CHORDATA,鸟纲 AVES,鸡形目,　雉科,　　白冠长尾雉,Syrmaticus reevesii,一级,
脊索动物门 CHORDATA,鸟纲 AVES,鸡形目,　雉科,　　红腹锦鸡,Chrysolophus pictus,二级,
脊索动物门 CHORDATA,鸟纲 AVES,鸡形目,　雉科,　　白腹锦鸡,Chrysolophus amherstiae,二级,
脊索动物门 CHORDATA,鸟纲 AVES,鸡形目,　雉科,　　灰孔雀雉,Polyplectron bicalcaratum,一级,原名“孔雀雉”
脊索动物门 CHORDATA,鸟纲 AVES,鸡形目,　雉科,　　海南孔雀雉,Polyplectron katsumatae,一级,
脊索动物门 CHORDATA,鸟纲 AVES,鸡形目,　雉科,　　绿孔雀,Pavo muticus,一级,
脊索动物门 CHORDATA,鸟纲 AVES,雁形目,　鸭科,　　栗树鸭,Dendrocygna javanica,二级,
脊索动物门 CHORDATA,鸟纲 AVES,雁形目,　鸭科,　　鸿雁,Anser cygnoid,二级,
脊索动物门 CHORDATA,鸟纲 AVES,雁形目,　鸭科,　　白额雁,Anser albifrons,二级,
脊索动物门 CHORDATA,鸟纲 AVES,雁形目,　鸭科,　　小白额雁,Anser erythropus,二级,
脊索动物门 CHORDATA,鸟纲 AVES,雁形目,　鸭科,　　红胸黑雁,Branta ruficollis,二级,
脊索动物门 CHORDATA,鸟纲 AVES,雁形目,　鸭科,　　疣鼻天鹅,Cygnus olor,二级,
脊索动物门 CHORDATA,鸟纲 AVES,雁形目,　鸭科,　　小天鹅,Cygnus columbianus,二级,
脊索动物门 CHORDATA,鸟纲 AVES,雁形目,　鸭科,　　大天鹅,Cygnus cygnus,二级,
脊索动物门 CHORDATA,鸟纲 AVES,雁形目,　鸭科,　　鸳鸯,Aix galericulata,二级,
脊索动物门 CHORDATA,鸟纲 AVES,雁形目,　鸭科,　　棉凫,Nettapus coromandelianus,二级,
脊索动物门 CHORDATA,鸟纲 AVES,雁形目,　鸭科,　　花脸鸭,Sibirionetta formosa,二级,
脊索动物门 CHORDATA,鸟纲 AVES,雁形目,　鸭科,　　云石斑鸭,Marmaronetta angustirostris,二级,
脊索动物门 CHORDATA,鸟纲 AVES,雁形目,　鸭科,　　青头潜鸭,Aythya baeri,一级,
脊索动物门 CHORDATA,鸟纲 AVES,雁形目,　鸭科,　　斑头秋沙鸭,Mergellus albellus,二级,
脊索动物门 CHORDATA,鸟纲 AVES,雁形目,　鸭科,　　中华秋沙鸭,Mergus squamatus,一级,
脊索动物门 CHORDATA,鸟纲 AVES,雁形目,　鸭科,　　白头硬尾鸭,Oxyura leucocephala,一级,
脊索动物门 CHORDATA,鸟纲 AVES,雁形目,　鸭科,　　白翅栖鸭,Cairina scutulata,二级,
脊索动物门 CHORDATA,鸟纲 AVES,䴙䴘目,　䴙䴘科,　　赤颈䴙䴘,Podiceps grisegena,二级,
脊索动物门 CHORDATA,鸟纲 AVES,䴙䴘目,　䴙䴘科,　　角䴙䴘,Podiceps auritus,二级,
脊索动物门 CHORDATA,鸟纲 AVES,䴙䴘目,　䴙䴘科,　　黑颈䴙䴘,Podiceps nigricollis,二级,
脊索动物门 CHORDATA,鸟纲 AVES,鸽形目,　鸠鸽科,　　中亚鸽,Columba eversmanni,二级,
脊索动物门 CHORDATA,鸟纲 AVES,鸽形目,　鸠鸽科,　　斑尾林鸽,Columba palumbus,二级,
脊索动物门 CHORDATA,鸟纲 AVES,鸽形目,　鸠鸽科,　　紫林鸽,Columba punicea,二级,
脊索动物门 CHORDATA,鸟纲 AVES,鸽形目,　鸠鸽科,　　斑尾鹃鸠,Macropygia unchall,二级,
脊索动物门 CHORDATA,鸟纲 AVES,鸽形目,　鸠鸽科,　　菲律宾鹃鸠,Macropygia tenuirostris,二级,
脊索动物门 CHORDATA,鸟纲 AVES,鸽形目,　鸠鸽科,　　小鹃鸠,Macropygia ruficeps,一级,原名“棕头鹃鸠”
脊索动物门 CHORDATA,鸟纲 AVES,鸽形目,　鸠鸽科,　　橙胸绿鸠,Treron bicinctus,二级,
脊索动物门 CHORDATA,鸟纲 AVES,鸽形目,　鸠鸽科,　　灰头绿鸠,Treron pompadora,二级,
脊索动物门 CHORDATA,鸟纲 AVES,鸽形目,　鸠鸽科,　　厚嘴绿鸠,Treron curvirostra,二级,
脊索动物门 CHORDATA,鸟纲 AVES,鸽形目,　鸠鸽科,　　黄脚绿鸠,Treron phoenicopterus,二级,
脊索动物门 CHORDATA,鸟纲 AVES,鸽形目,　鸠鸽科,　　针尾绿鸠,Treron apicauda,二级,
脊索动物门 CHORDATA,鸟纲 AVES,鸽形目,　鸠鸽科,　　楔尾绿鸠,Treron sphenurus,二级,
脊索动物门 CHORDATA,鸟纲 AVES,鸽形目,　鸠鸽科,　　红翅绿鸠,Treron sieboldii,二级,
脊索动物门 CHORDATA,鸟纲 AVES,鸽形目,　鸠鸽科,　　红顶绿鸠,Treron formosae,二级,
脊索动物门 CHORDATA,鸟纲 AVES,鸽形目,　鸠鸽科,　　黑颏果鸠,Ptilinopus leclancheri,二级,
脊索动物门 CHORDATA,鸟纲 AVES,鸽形目,　鸠鸽科,　　绿皇鸠,Ducula aenea,二级,
脊索动物门 CHORDATA,鸟纲 AVES,鸽形目,　鸠鸽科,　　山皇鸠,Ducula badia,二级,
脊索动物门 CHORDATA,鸟纲 AVES,沙鸡目,　沙鸡科,　　黑腹沙鸡,Pterocles orientalis,二级,
脊索动物门 CHORDATA,鸟纲 AVES,夜鹰目,　蛙口夜鹰科,　　黑顶蛙口夜鹰,Batrachostomus hodgsoni,二级,
脊索动物门 CHORDATA,鸟纲 AVES,夜鹰目,　凤头雨燕科,　　凤头雨燕,Hemiprocne coronata,二级,
脊索动物门 CHORDATA,鸟纲 AVES,夜鹰目,　雨燕科,　　爪哇金丝燕,Aerodramus fuciphagus,二级,
脊索动物门 CHORDATA,鸟纲 AVES,夜鹰目,　雨燕科,　　灰喉针尾雨燕,Hirundapus cochinchinensis,二级,
脊索动物门 CHORDATA,鸟纲 AVES,鹃形目,　杜鹃科,　　褐翅鸦鹃,Centropus sinensis,二级,
脊索动物门 CHORDATA,鸟纲 AVES,鹃形目,　杜鹃科,　　小鸦鹃,Centropus bengalensis,二级,
脊索动物门 CHORDATA,鸟纲 AVES,鸨形目#,　鸨科,　　大鸨,Otis tarda,一级,
脊索动物门 CHORDATA,鸟纲 AVES,鸨形目#,　鸨科,　　波斑鸨,Chlamydotis macqueenii,一级,
脊索动物门 CHORDATA,鸟纲 AVES,鸨形目#,　鸨科,　　小鸨,Tetrax tetrax,一级,
脊索动物门 CHORDATA,鸟纲 AVES,鹤形目,　秧鸡科,　　花田鸡,Coturnicops exquisitus,二级,
脊索动物门 CHORDATA,鸟纲 AVES,鹤形目,　秧鸡科,　　长脚秧鸡,Crex crex,二级,
脊索动物门 CHORDATA,鸟纲 AVES,鹤形目,　秧鸡科,　　棕背田鸡,Zapornia bicolor,二级,
脊索动物门 CHORDATA,鸟纲 AVES,鹤形目,　秧鸡科,　　姬田鸡,Zapornia parva,二级,
脊索动物门 CHORDATA,鸟纲 AVES,鹤形目,　秧鸡科,　　斑胁田鸡,Zapornia paykullii,二级,
脊索动物门 CHORDATA,鸟纲 AVES,鹤形目,　秧鸡科,　　紫水鸡,Porphyrio porphyrio,二级,
脊索动物门 CHORDATA,鸟纲 AVES,鹤形目,　鹤科#,　　白鹤,Grus leucogeranus,一级,
脊索动物门 CHORDATA,鸟纲 AVES,鹤形目,　鹤科#,　　沙丘鹤,Grus canadensis,二级,
脊索动物门 CHORDATA,鸟纲 AVES,鹤形目,　鹤科#,　　白枕鹤,Grus vipio,一级,
脊索动物门 CHORDATA,鸟纲 AVES,鹤形目,　鹤科#,　　赤颈鹤,Grus antigone,一级,
脊索动物门 CHORDATA,鸟纲 AVES,鹤形目,　鹤科#,　　蓑羽鹤,Grus virgo,二级,
脊索动物门 CHORDATA,鸟纲 AVES,鹤形目,　鹤科#,　　丹顶鹤,Grus japonensis,一级,
脊索动物门 CHORDATA,鸟纲 AVES,鹤形目,　鹤科#,　　灰鹤,Grus grus,二级,
脊索动物门 CHORDATA,鸟纲 AVES,鹤形目,　鹤科#,　　白头鹤,Grus monacha,一级,
脊索动物门 CHORDATA,鸟纲 AVES,鹤形目,　鹤科#,　　黑颈鹤,Grus nigricollis,一级,
脊索动物门 CHORDATA,鸟纲 AVES,鸻形目,  石鸻科,　　大石鸻,Esacus recurvirostris,二级,
脊索动物门 CHORDATA,鸟纲 AVES,鸻形目,　鹮嘴鹬科,　　鹮嘴鹬,Ibidorhyncha struthersii,二级,
脊索动物门 CHORDATA,鸟纲 AVES,鸻形目,　鸻科,　　黄颊麦鸡,Vanellus gregarius,二级,
脊索动物门 CHORDATA,鸟纲 AVES,鸻形目,　水雉科,　　水雉,Hydrophasianus chirurgus,二级,
脊索动物门 CHORDATA,鸟纲 AVES,鸻形目,　水雉科,　　铜翅水雉,Metopidius indicus,二级,
脊索动物门 CHORDATA,鸟纲 AVES,鸻形目,　鹬科,　　林沙锥,Gallinago nemoricola,二级,
脊索动物门 CHORDATA,鸟纲 AVES,鸻形目,　鹬科,　　半蹼鹬,Limnodromus semipalmatus,二级,
脊索动物门 CHORDATA,鸟纲 AVES,鸻形目,　鹬科,　　小杓鹬,Numenius minutus,二级,
脊索动物门 CHORDATA,鸟纲 AVES,鸻形目,　鹬科,　　白腰杓鹬,Numenius arquata,二级,
脊索动物门 CHORDATA,鸟纲 AVES,鸻形目,　鹬科,　　大杓鹬,Numenius madagascariensis,二级,
脊索动物门 CHORDATA,鸟纲 AVES,鸻形目,　鹬科,　　小青脚鹬,Tringa guttifer,一级,
脊索动物门 CHORDATA,鸟纲 AVES,鸻形目,　鹬科,　　翻石鹬,Arenaria interpres,二级,
脊索动物门 CHORDATA,鸟纲 AVES,鸻形目,　鹬科,　　大滨鹬,Calidris tenuirostris,二级,
脊索动物门 CHORDATA,鸟纲 AVES,鸻形目,　鹬科,　　勺嘴鹬,Calidris pygmeus,一级,
脊索动物门 CHORDATA,鸟纲 AVES,鸻形目,　鹬科,　　阔嘴鹬,Calidris falcinellus,二级,
脊索动物门 CHORDATA,鸟纲 AVES,鸻形目,　燕鸻科,　　灰燕鸻,Glareola lactea,二级,
脊索动物门 CHORDATA,鸟纲 AVES,鸻形目,　鸥科,　　黑嘴鸥,Saundersilarus saundersi,一级,
脊索动物门 CHORDATA,鸟纲 AVES,鸻形目,　鸥科,　　小鸥,Hydrocoloeus minutus,二级,
脊索动物门 CHORDATA,鸟纲 AVES,鸻形目,　鸥科,　　遗鸥,Ichthyaetus relictus,一级,
脊索动物门 CHORDATA,鸟纲 AVES,鸻形目,　鸥科,　　大凤头燕鸥,Thalasseus bergii,二级,
脊索动物门 CHORDATA,鸟纲 AVES,鸻形目,　鸥科,　　中华凤头燕鸥,Thalasseus bernsteini,一级,原名“黑嘴端凤头燕鸥”
脊索动物门 CHORDATA,鸟纲 AVES,鸻形目,　鸥科,　　河燕鸥,Sterna aurantia,一级,原名“黄嘴河燕鸥”
脊索动物门 CHORDATA,鸟纲 AVES,鸻形目,　鸥科,　　黑腹燕鸥,Sterna acuticauda,二级,
脊索动物门 CHORDATA,鸟纲 AVES,鸻形目,　鸥科,　　黑浮鸥,Chlidonias niger,二级,
脊索动物门 CHORDATA,鸟纲 AVES,鸻形目,　海雀科,　　冠海雀,Synthliboramphus wumizusume,二级,
脊索动物门 CHORDATA,鸟纲 AVES,鹱形目,　信天翁科,　　黑脚信天翁,Phoebastria nigripes,一级,
脊索动物门 CHORDATA,鸟纲 AVES,鹱形目,　信天翁科,　　短尾信天翁,Phoebastria albatrus,一级,
脊索动物门 CHORDATA,鸟纲 AVES,鹳形目,　鹳科,　　彩鹳,Mycteria leucocephala,一级,
脊索动物门 CHORDATA,鸟纲 AVES,鹳形目,　鹳科,　　黑鹳,Ciconia nigra,一级,
脊索动物门 CHORDATA,鸟纲 AVES,鹳形目,　鹳科,　　白鹳,Ciconia ciconia,一级,
脊索动物门 CHORDATA,鸟纲 AVES,鹳形目,　鹳科,　　东方白鹳,Ciconia boyciana,一级,
脊索动物门 CHORDATA,鸟纲 AVES,鹳形目,　鹳科,　　秃鹳,Leptoptilos javanicus,二级,
脊索动物门 CHORDATA,鸟纲 AVES,鲣鸟目,　军舰鸟科,　　白腹军舰鸟,Fregata andrewsi,一级,
脊索动物门 CHORDATA,鸟纲 AVES,鲣鸟目,　军舰鸟科,　　黑腹军舰鸟,Fregata minor,二级,
脊索动物门 CHORDATA,鸟纲 AVES,鲣鸟目,　军舰鸟科,　　白斑军舰鸟,Fregata ariel,二级,
脊索动物门 CHORDATA,鸟纲 AVES,鲣鸟目,　鲣鸟科#,　　蓝脸鲣鸟,Sula dactylatra,二级,
脊索动物门 CHORDATA,鸟纲 AVES,鲣鸟目,　鲣鸟科#,　　红脚鲣鸟,Sula sula,二级,
脊索动物门 CHORDATA,鸟纲 AVES,鲣鸟目,　鲣鸟科#,　　褐鲣鸟,Sula leucogaster,二级,
脊索动物门 CHORDATA,鸟纲 AVES,鲣鸟目,　鸬鹚科,　　黑颈鸬鹚,Microcarbo niger,二级,
脊索动物门 CHORDATA,鸟纲 AVES,鲣鸟目,　鸬鹚科,　　海鸬鹚,Phalacrocorax pelagicus,二级,
脊索动物门 CHORDATA,鸟纲 AVES,鹈形目,　鹮科,　　黑头白鹮,Threskiornis melanocephalus,一级,原名“白鹮”
脊索动物门 CHORDATA,鸟纲 AVES,鹈形目,　鹮科,　　白肩黑鹮,Pseudibis davisoni,一级,原名“黑鹮”
脊索动物门 CHORDATA,鸟纲 AVES,鹈形目,　鹮科,　　朱鹮,Nipponia nippon,一级,
脊索动物门 CHORDATA,鸟纲 AVES,鹈形目,　鹮科,　　彩鹮,Plegadis falcinellus,一级,
脊索动物门 CHORDATA,鸟纲 AVES,鹈形目,　鹮科,　　白琵鹭,Platalea leucorodia,二级,
脊索动物门 CHORDATA,鸟纲 AVES,鹈形目,　鹮科,　　黑脸琵鹭,Platalea minor,一级,
脊索动物门 CHORDATA,鸟纲 AVES,鹈形目,　鹭科,　　小苇鳽,Ixobrychus minutus,二级,
脊索动物门 CHORDATA,鸟纲 AVES,鹈形目,　鹭科,　　海南鳽,Gorsachius magnificus,一级,原名“海南虎斑鳽”
脊索动物门 CHORDATA,鸟纲 AVES,鹈形目,　鹭科,　　栗头鳽,Gorsachius goisagi,二级,
脊索动物门 CHORDATA,鸟纲 AVES,鹈形目,　鹭科,　　黑冠鳽,Gorsachius melanolophus,二级,
脊索动物门 CHORDATA,鸟纲 AVES,鹈形目,　鹭科,　　白腹鹭,Ardea insignis,一级,
脊索动物门 CHORDATA,鸟纲 AVES,鹈形目,　鹭科,　　岩鹭,Egretta sacra,二级,
脊索动物门 CHORDATA,鸟纲 AVES,鹈形目,　鹭科,　　黄嘴白鹭,Egretta eulophotes,一级,
脊索动物门 CHORDATA,鸟纲 AVES,鹈形目,　鹈鹕科#,　　白鹈鹕,Pelecanus onocrotalus,一级,
脊索动物门 CHORDATA,鸟纲 AVES,鹈形目,　鹈鹕科#,　　斑嘴鹈鹕,Pelecanus philippensis,一级,
脊索动物门 CHORDATA,鸟纲 AVES,鹈形目,　鹈鹕科#,　　卷羽鹈鹕,Pelecanus crispus,一级,
脊索动物门 CHORDATA,鸟纲 AVES,鹰形目#,　鹗科,　　鹗,Pandion haliaetus,二级,
脊索动物门 CHORDATA,鸟纲 AVES,鹰形目#,　鹰科,　　黑翅鸢,Elanus caeruleus,二级,
脊索动物门 CHORDATA,鸟纲 AVES,鹰形目#,　鹰科,　　胡兀鹫,Gypaetus barbatus,一级,
脊索动物门 CHORDATA,鸟纲 AVES,鹰形目#,　鹰科,　　白兀鹫,Neophron percnopterus,二级,
脊索动物门 CHORDATA,鸟纲 AVES,鹰形目#,　鹰科,　　鹃头蜂鹰,Pernis apivorus,二级,
脊索动物门 CHORDATA,鸟纲 AVES,鹰形目#,　鹰科,　　凤头蜂鹰,Pernis ptilorhynchus,二级,
脊索动物门 CHORDATA,鸟纲 AVES,鹰形目#,　鹰科,　　褐冠鹃隼,Aviceda jerdoni,二级,
脊索动物门 CHORDATA,鸟纲 AVES,鹰形目#,　鹰科,　　黑冠鹃隼,Aviceda leuphotes,二级,
脊索动物门 CHORDATA,鸟纲 AVES,鹰形目#,　鹰科,　　兀鹫,Gyps fulvus,二级,
脊索动物门 CHORDATA,鸟纲 AVES,鹰形目#,　鹰科,　　长嘴兀鹫,Gyps indicus,二级,
脊索动物门 CHORDATA,鸟纲 AVES,鹰形目#,　鹰科,　　白背兀鹫,Gyps bengalensis,一级,原名“拟兀鹫”
脊索动物门 CHORDATA,鸟纲 AVES,鹰形目#,　鹰科,　　高山兀鹫,Gyps himalayensis,二级,
脊索动物门 CHORDATA,鸟纲 AVES,鹰形目#,　鹰科,　　黑兀鹫,Sarcogyps calvus,一级,
脊索动物门 CHORDATA,鸟纲 AVES,鹰形目#,　鹰科,　　秃鹫,Aegypius monachus,一级,
脊索动物门 CHORDATA,鸟纲 AVES,鹰形目#,　鹰科,　　蛇雕,Spilornis cheela,二级,
脊索动物门 CHORDATA,鸟纲 AVES,鹰形目#,　鹰科,　　短趾雕,Circaetus gallicus,二级,
脊索动物门 CHORDATA,鸟纲 AVES,鹰形目#,　鹰科,　　凤头鹰雕,Nisaetus cirrhatus,二级,
脊索动物门 CHORDATA,鸟纲 AVES,鹰形目#,　鹰科,　　鹰雕,Nisaetus nipalensis,二级,
脊索动物门 CHORDATA,鸟纲 AVES,鹰形目#,　鹰科,　　棕腹隼雕,Lophotriorchis kienerii,二级,
脊索动物门 CHORDATA,鸟纲 AVES,鹰形目#,　鹰科,　　林雕,Ictinaetus malaiensis,二级,
脊索动物门 CHORDATA,鸟纲 AVES,鹰形目#,　鹰科,　　乌雕,Clanga clanga,一级,
脊索动物门 CHORDATA,鸟纲 AVES,鹰形目#,　鹰科,　　靴隼雕,Hieraaetus pennatus,二级,
脊索动物门 CHORDATA,鸟纲 AVES,鹰形目#,　鹰科,　　草原雕,Aquila nipalensis,一级,
脊索动物门 CHORDATA,鸟纲 AVES,鹰形目#,　鹰科,　　白肩雕,Aquila heliaca,一级,
脊索动物门 CHORDATA,鸟纲 AVES,鹰形目#,　鹰科,　　金雕,Aquila chrysaetos,一级,
脊索动物门 CHORDATA,鸟纲 AVES,鹰形目#,　鹰科,　　白腹隼雕,Aquila fasciata,二级,
脊索动物门 CHORDATA,鸟纲 AVES,鹰形目#,　鹰科,　　凤头鹰,Accipiter trivirgatus,二级,
脊索动物门 CHORDATA,鸟纲 AVES,鹰形目#,　鹰科,　　褐耳鹰,Accipiter badius,二级,
脊索动物门 CHORDATA,鸟纲 AVES,鹰形目#,　鹰科,　　赤腹鹰,Accipiter soloensis,二级,
脊索动物门 CHORDATA,鸟纲 AVES,鹰形目#,　鹰科,　　日本松雀鹰,Accipiter gularis,二级,
脊索动物门 CHORDATA,鸟纲 AVES,鹰形目#,　鹰科,　　松雀鹰,Accipiter virgatus,二级,
脊索动物门 CHORDATA,鸟纲 AVES,鹰形目#,　鹰科,　　雀鹰,Accipiter nisus,二级,
脊索动物门 CHORDATA,鸟纲 AVES,鹰形目#,　鹰科,　　苍鹰,Accipiter gentilis,二级,
脊索动物门 CHORDATA,鸟纲 AVES,鹰形目#,　鹰科,　　白头鹞,Circus aeruginosus,二级,
脊索动物门 CHORDATA,鸟纲 AVES,鹰形目#,　鹰科,　　白腹鹞,Circus spilonotus,二级,
脊索动物门 CHORDATA,鸟纲 AVES,鹰形目#,　鹰科,　　白尾鹞,Circus cyaneus,二级,
脊索动物门 CHORDATA,鸟纲 AVES,鹰形目#,　鹰科,　　草原鹞,Circus macrourus,二级,
脊索动物门 CHORDATA,鸟纲 AVES,鹰形目#,　鹰科,　　鹊鹞,Circus melanoleucos,二级,
脊索动物门 CHORDATA,鸟纲 AVES,鹰形目#,　鹰科,　　乌灰鹞,Circus pygargus,二级,
脊索动物门 CHORDATA,鸟纲 AVES,鹰形目#,　鹰科,　　黑鸢,Milvus migrans,二级,
脊索动物门 CHORDATA,鸟纲 AVES,鹰形目#,　鹰科,　　栗鸢,Haliastur indus,二级,
脊索动物门 CHORDATA,鸟纲 AVES,鹰形目#,　鹰科,　　白腹海雕,Haliaeetus leucogaster,一级,
脊索动物门 CHORDATA,鸟纲 AVES,鹰形目#,　鹰科,　　玉带海雕,Haliaeetus leucoryphus,一级,
脊索动物门 CHORDATA,鸟纲 AVES,鹰形目#,　鹰科,　　白尾海雕,Haliaeetus albicilla,一级,
脊索动物门 CHORDATA,鸟纲 AVES,鹰形目#,　鹰科,　　虎头海雕,Haliaeetus pelagicus,一级,
脊索动物门 CHORDATA,鸟纲 AVES,鹰形目#,　鹰科,　　渔雕,Ichthyophaga humilis,二级,
脊索动物门 CHORDATA,鸟纲 AVES,鹰形目#,　鹰科,　　白眼鹰,Butastur teesa,二级,
脊索动物门 CHORDATA,鸟纲 AVES,鹰形目#,　鹰科,　　棕翅鹰,Butastur liventer,二级,
脊索动物门 CHORDATA,鸟纲 AVES,鹰形目#,　鹰科,　　灰脸鹰,Butastur indicus,二级,
脊索动物门 CHORDATA,鸟纲 AVES,鹰形目#,　鹰科,　　毛脚,Buteo lagopus,二级,
脊索动物门 CHORDATA,鸟纲 AVES,鹰形目#,　鹰科,　　大,Buteo hemilasius,二级,
脊索动物门 CHORDATA,鸟纲 AVES,鹰形目#,　鹰科,　　普通,Buteo japonicus,二级,
脊索动物门 CHORDATA,鸟纲 AVES,鹰形目#,　鹰科,　　喜山,Buteo refectus,二级,
脊索动物门 CHORDATA,鸟纲 AVES,鹰形目#,　鹰科,　　欧亚,Buteo buteo,二级,
脊索动物门 CHORDATA,鸟纲 AVES,鹰形目#,　鹰科,　　棕尾,Buteo rufinus,二级,
脊索动物门 CHORDATA,鸟纲 AVES,鸮形目#,　鸱鸮科,　　黄嘴角鸮,Otus spilocephalus,二级,
脊索动物门 CHORDATA,鸟纲 AVES,鸮形目#,　鸱鸮科,　　领角鸮,Otus lettia,二级,
脊索动物门 CHORDATA,鸟纲 AVES,鸮形目#,　鸱鸮科,　　北领角鸮,Otus semitorques,二级,
脊索动物门 CHORDATA,鸟纲 AVES,鸮形目#,　鸱鸮科,　　纵纹角鸮,Otus brucei,二级,
脊索动物门 CHORDATA,鸟纲 AVES,鸮形目#,　鸱鸮科,　　西红角鸮,Otus scops,二级,
脊索动物门 CHORDATA,鸟纲 AVES,鸮形目#,　鸱鸮科,　　红角鸮,Otus sunia,二级,
脊索动物门 CHORDATA,鸟纲 AVES,鸮形目#,　鸱鸮科,　　优雅角鸮,Otus elegans,二级,
脊索动物门 CHORDATA,鸟纲 AVES,鸮形目#,　鸱鸮科,　　雪鸮,Bubo scandiacus,二级,
脊索动物门 CHORDATA,鸟纲 AVES,鸮形目#,　鸱鸮科,　　雕鸮,Bubo bubo,二级,
脊索动物门 CHORDATA,鸟纲 AVES,鸮形目#,　鸱鸮科,　　林雕鸮,Bubo nipalensis,二级,
脊索动物门 CHORDATA,鸟纲 AVES,鸮形目#,　鸱鸮科,　　毛腿雕鸮,Bubo blakistoni,一级,
脊索动物门 CHORDATA,鸟纲 AVES,鸮形目#,　鸱鸮科,　　褐渔鸮,Ketupa zeylonensis,二级,
脊索动物门 CHORDATA,鸟纲 AVES,鸮形目#,　鸱鸮科,　　黄腿渔鸮,Ketupa flavipes,二级,
脊索动物门 CHORDATA,鸟纲 AVES,鸮形目#,　鸱鸮科,　　褐林鸮,Strix leptogrammica,二级,
脊索动物门 CHORDATA,鸟纲 AVES,鸮形目#,　鸱鸮科,　　灰林鸮,Strix aluco,二级,
脊索动物门 CHORDATA,鸟纲 AVES,鸮形目#,　鸱鸮科,　　长尾林鸮,Strix uralensis,二级,
脊索动物门 CHORDATA,鸟纲 AVES,鸮形目#,　鸱鸮科,　　四川林鸮,Strix davidi,一级,
脊索动物门 CHORDATA,鸟纲 AVES,鸮形目#,　鸱鸮科,　　乌林鸮,Strix nebulosa,二级,
脊索动物门 CHORDATA,鸟纲 AVES,鸮形目#,　鸱鸮科,　　猛鸮,Surnia ulula,二级,
脊索动物门 CHORDATA,鸟纲 AVES,鸮形目#,　鸱鸮科,　　花头鸺鹠,Glaucidium passerinum,二级,
脊索动物门 CHORDATA,鸟纲 AVES,鸮形目#,　鸱鸮科,　　领鸺鹠,Glaucidium brodiei,二级,
脊索动物门 CHORDATA,鸟纲 AVES,鸮形目#,　鸱鸮科,　　斑头鸺鹠,Glaucidium cuculoides,二级,
脊索动物门 CHORDATA,鸟纲 AVES,鸮形目#,　鸱鸮科,　　纵纹腹小鸮,Athene noctua,二级,
脊索动物门 CHORDATA,鸟纲 AVES,鸮形目#,　鸱鸮科,　　横斑腹小鸮,Athene brama,二级,
脊索动物门 CHORDATA,鸟纲 AVES,鸮形目#,　鸱鸮科,　　鬼鸮,Aegolius funereus,二级,
脊索动物门 CHORDATA,鸟纲 AVES,鸮形目#,　鸱鸮科,　　鹰鸮,Ninox scutulata,二级,
脊索动物门 CHORDATA,鸟纲 AVES,鸮形目#,　鸱鸮科,　　日本鹰鸮,Ninox japonica,二级,
脊索动物门 CHORDATA,鸟纲 AVES,鸮形目#,　鸱鸮科,　　长耳鸮,Asio otus,二级,
脊索动物门 CHORDATA,鸟纲 AVES,鸮形目#,　鸱鸮科,　　短耳鸮,Asio flammeus,二级,
脊索动物门 CHORDATA,鸟纲 AVES,鸮形目#,　草鸮科,　　仓鸮,Tyto alba,二级,
脊索动物门 CHORDATA,鸟纲 AVES,鸮形目#,　草鸮科,　　草鸮,Tyto longimembris,二级,
脊索动物门 CHORDATA,鸟纲 AVES,鸮形目#,　草鸮科,　　栗鸮,Phodilus badius,二级,
脊索动物门 CHORDATA,鸟纲 AVES,咬鹃目#,　咬鹃科,　　橙胸咬鹃,Harpactes oreskios,二级,
脊索动物门 CHORDATA,鸟纲 AVES,咬鹃目#,　咬鹃科,　　红头咬鹃,Harpactes erythrocephalus,二级,
脊索动物门 CHORDATA,鸟纲 AVES,咬鹃目#,　咬鹃科,　　红腹咬鹃,Harpactes wardi,二级,
脊索动物门 CHORDATA,鸟纲 AVES,犀鸟目,　犀鸟科#,　　白喉犀鸟,Anorrhinus austeni,一级,
脊索动物门 CHORDATA,鸟纲 AVES,犀鸟目,　犀鸟科#,　　冠斑犀鸟,Anthracoceros albirostris,一级,
脊索动物门 CHORDATA,鸟纲 AVES,犀鸟目,　犀鸟科#,　　双角犀鸟,Buceros bicornis,一级,
脊索动物门 CHORDATA,鸟纲 AVES,犀鸟目,　犀鸟科#,　　棕颈犀鸟,Aceros nipalensis,一级,
脊索动物门 CHORDATA,鸟纲 AVES,犀鸟目,　犀鸟科#,　　花冠皱盔犀鸟,Rhyticeros undulatus,一级,
脊索动物门 CHORDATA,鸟纲 AVES,佛法僧目,　蜂虎科,　　赤须蜂虎,Nyctyornis amictus,二级,
脊索动物门 CHORDATA,鸟纲 AVES,佛法僧目,　蜂虎科,　　蓝须蜂虎,Nyctyornis athertoni,二级,
脊索动物门 CHORDATA,鸟纲 AVES,佛法僧目,　蜂虎科,　　绿喉蜂虎,Merops orientalis,二级,
脊索动物门 CHORDATA,鸟纲 AVES,佛法僧目,　蜂虎科,　　蓝颊蜂虎,Merops persicus,二级,
脊索动物门 CHORDATA,鸟纲 AVES,佛法僧目,　蜂虎科,　　栗喉蜂虎,Merops philippinus,二级,
脊索动物门 CHORDATA,鸟纲 AVES,佛法僧目,　蜂虎科,　　彩虹蜂虎,Merops ornatus,二级,
脊索动物门 CHORDATA,鸟纲 AVES,佛法僧目,　蜂虎科,　　蓝喉蜂虎,Merops viridis,二级,
脊索动物门 CHORDATA,鸟纲 AVES,佛法僧目,　蜂虎科,　　栗头蜂虎,Merops leschenaultia,二级,原名“黑胸蜂虎”
脊索动物门 CHORDATA,鸟纲 AVES,佛法僧目,　翠鸟科,　　鹳嘴翡翠,Pelargopsis capensis,二级,原名“鹳嘴翠鸟”
脊索动物门 CHORDATA,鸟纲 AVES,佛法僧目,　翠鸟科,　　白胸翡翠,Halcyon smyrnensis,二级,
脊索动物门 CHORDATA,鸟纲 AVES,佛法僧目,　翠鸟科,　　蓝耳翠鸟,Alcedo meninting,二级,
脊索动物门 CHORDATA,鸟纲 AVES,佛法僧目,　翠鸟科,　　斑头大翠鸟,Alcedo hercules,二级,
脊索动物门 CHORDATA,鸟纲 AVES,啄木鸟目,　啄木鸟科,　　白翅啄木鸟,Dendrocopos leucopterus,二级,
脊索动物门 CHORDATA,鸟纲 AVES,啄木鸟目,　啄木鸟科,　　三趾啄木鸟,Picoides tridactylus,二级,
脊索动物门 CHORDATA,鸟纲 AVES,啄木鸟目,　啄木鸟科,　　白腹黑啄木鸟,Dryocopus javensis,二级,
脊索动物门 CHORDATA,鸟纲 AVES,啄木鸟目,　啄木鸟科,　　黑啄木鸟,Dryocopus martius,二级,
脊索动物门 CHORDATA,鸟纲 AVES,啄木鸟目,　啄木鸟科,　　大黄冠啄木鸟,Chrysophlegma flavinucha,二级,
脊索动物门 CHORDATA,鸟纲 AVES,啄木鸟目,　啄木鸟科,　　黄冠啄木鸟,Picus chlorolophus,二级,
脊索动物门 CHORDATA,鸟纲 AVES,啄木鸟目,　啄木鸟科,　　红颈绿啄木鸟,Picus rabieri,二级,
脊索动物门 CHORDATA,鸟纲 AVES,啄木鸟目,　啄木鸟科,　　大灰啄木鸟,Mulleripicus pulverulentus,二级,
脊索动物门 CHORDATA,鸟纲 AVES,隼形目#,　隼科,　　红腿小隼,Microhierax caerulescens,二级,
脊索动物门 CHORDATA,鸟纲 AVES,隼形目#,　隼科,　　白腿小隼,Microhierax melanoleucus,二级,
脊索动物门 CHORDATA,鸟纲 AVES,隼形目#,　隼科,　　黄爪隼,Falco naumanni,二级,
脊索动物门 CHORDATA,鸟纲 AVES,隼形目#,　隼科,　　红隼,Falco tinnunculus,二级,
脊索动物门 CHORDATA,鸟纲 AVES,隼形目#,　隼科,　　西红脚隼,Falco vespertinus,二级,
脊索动物门 CHORDATA,鸟纲 AVES,隼形目#,　隼科,　　红脚隼,Falco amurensis,二级,
脊索动物门 CHORDATA,鸟纲 AVES,隼形目#,　隼科,　　灰背隼,Falco columbarius,二级,
脊索动物门 CHORDATA,鸟纲 AVES,隼形目#,　隼科,　　燕隼,Falco subbuteo,二级,
脊索动物门 CHORDATA,鸟纲 AVES,隼形目#,　隼科,　　猛隼,Falco severus,二级,
脊索动物门 CHORDATA,鸟纲 AVES,隼形目#,　隼科,　　猎隼,Falco cherrug,一级,
脊索动物门 CHORDATA,鸟纲 AVES,隼形目#,　隼科,　　矛隼,Falco rusticolus,一级,
脊索动物门 CHORDATA,鸟纲 AVES,隼形目#,　隼科,　　游隼,Falco peregrinus,二级,
脊索动物门 CHORDATA,鸟纲 AVES,鹦形目#,　鹦鹉科,　　短尾鹦鹉,Loriculus vernalis,二级,
脊索动物门 CHORDATA,鸟纲 AVES,鹦形目#,　鹦鹉科,　　蓝腰鹦鹉,Psittinus cyanurus,二级,
脊索动物门 CHORDATA,鸟纲 AVES,鹦形目#,　鹦鹉科,　　亚历山大鹦鹉,Psittacula eupatria,二级,
脊索动物门 CHORDATA,鸟纲 AVES,鹦形目#,　鹦鹉科,　　红领绿鹦鹉,Psittacula krameri,二级,
脊索动物门 CHORDATA,鸟纲 AVES,鹦形目#,　鹦鹉科,　　青头鹦鹉,Psittacula himalayana,二级,
脊索动物门 CHORDATA,鸟纲 AVES,鹦形目#,　鹦鹉科,　　灰头鹦鹉,Psittacula finschii,二级,
脊索动物门 CHORDATA,鸟纲 AVES,鹦形目#,　鹦鹉科,　　花头鹦鹉,Psittacula roseata,二级,
脊索动物门 CHORDATA,鸟纲 AVES,鹦形目#,　鹦鹉科,　　大紫胸鹦鹉,Psittacula derbiana,二级,
脊索动物门 CHORDATA,鸟纲 AVES,鹦形目#,　鹦鹉科,　　绯胸鹦鹉,Psittacula alexandri,二级,
脊索动物门 CHORDATA,鸟纲 AVES,雀形目,　八色鸫科#,　　双辫八色鸫,Pitta phayrei,二级,
脊索动物门 CHORDATA,鸟纲 AVES,雀形目,　八色鸫科#,　　蓝枕八色鸫,Pitta nipalensis,二级,
脊索动物门 CHORDATA,鸟纲 AVES,雀形目,　八色鸫科#,　　蓝背八色鸫,Pitta soror,二级,
脊索动物门 CHORDATA,鸟纲 AVES,雀形目,　八色鸫科#,　　栗头八色鸫,Pitta oatesi,二级,
脊索动物门 CHORDATA,鸟纲 AVES,雀形目,　八色鸫科#,　　蓝八色鸫,Pitta cyanea,二级,
脊索动物门 CHORDATA,鸟纲 AVES,雀形目,　八色鸫科#,　　绿胸八色鸫,Pitta sordida,二级,
脊索动物门 CHORDATA,鸟纲 AVES,雀形目,　八色鸫科#,　　仙八色鸫,Pitta nympha,二级,
脊索动物门 CHORDATA,鸟纲 AVES,雀形目,　八色鸫科#,　　蓝翅八色鸫,Pitta moluccensis,二级,
脊索动物门 CHORDATA,鸟纲 AVES,雀形目,　阔嘴鸟科#,　　长尾阔嘴鸟,Psarisomus dalhousiae,二级,
脊索动物门 CHORDATA,鸟纲 AVES,雀形目,　阔嘴鸟科#,　　银胸丝冠鸟,Serilophus lunatus,二级,
脊索动物门 CHORDATA,鸟纲 AVES,雀形目,　黄鹂科,　　鹊鹂,Oriolus mellianus,二级,
脊索动物门 CHORDATA,鸟纲 AVES,雀形目,　卷尾科,　　小盘尾,Dicrurus remifer,二级,
脊索动物门 CHORDATA,鸟纲 AVES,雀形目,　卷尾科,　　大盘尾,Dicrurus paradiseus,二级,
脊索动物门 CHORDATA,鸟纲 AVES,雀形目,　鸦科,　　黑头噪鸦,Perisoreus internigrans,一级,
脊索动物门 CHORDATA,鸟纲 AVES,雀形目,　鸦科,　　蓝绿鹊,Cissa chinensis,二级,
脊索动物门 CHORDATA,鸟纲 AVES,雀形目,　鸦科,　　黄胸绿鹊,Cissa hypoleuca,二级,
脊索动物门 CHORDATA,鸟纲 AVES,雀形目,　鸦科,　　黑尾地鸦,Podoces hendersoni,二级,
脊索动物门 CHORDATA,鸟纲 AVES,雀形目,　鸦科,　　白尾地鸦,Podoces biddulphi,二级,
脊索动物门 CHORDATA,鸟纲 AVES,雀形目,　山雀科,　　白眉山雀,Poecile superciliosus,二级,
脊索动物门 CHORDATA,鸟纲 AVES,雀形目,　山雀科,　　红腹山雀,Poecile davidi,二级,
脊索动物门 CHORDATA,鸟纲 AVES,雀形目,　百灵科,　　歌百灵,Mirafra javanica,二级,
脊索动物门 CHORDATA,鸟纲 AVES,雀形目,　百灵科,　　蒙古百灵,Melanocorypha mongolica,二级,
脊索动物门 CHORDATA,鸟纲 AVES,雀形目,　百灵科,　　云雀,Alauda arvensis,二级,
脊索动物门 CHORDATA,鸟纲 AVES,雀形目,　苇莺科,　　细纹苇莺,Acrocephalus sorghophilus,二级,
脊索动物门 CHORDATA,鸟纲 AVES,雀形目,　鹎科,　　台湾鹎,Pycnonotus taivanus,二级,
脊索动物门 CHORDATA,鸟纲 AVES,雀形目,　莺鹛科,　　金胸雀鹛,Lioparus chrysotis,二级,
脊索动物门 CHORDATA,鸟纲 AVES,雀形目,　莺鹛科,　　宝兴鹛雀,Moupinia poecilotis,二级,
脊索动物门 CHORDATA,鸟纲 AVES,雀形目,　莺鹛科,　　中华雀鹛,Fulvetta striaticollis,二级,
脊索动物门 CHORDATA,鸟纲 AVES,雀形目,　莺鹛科,　　三趾鸦雀,Cholornis paradoxus,二级,
脊索动物门 CHORDATA,鸟纲 AVES,雀形目,　莺鹛科,　　白眶鸦雀,Sinosuthora conspicillata,二级,
脊索动物门 CHORDATA,鸟纲 AVES,雀形目,　莺鹛科,　　暗色鸦雀,Sinosuthora zappeyi,二级,
脊索动物门 CHORDATA,鸟纲 AVES,雀形目,　莺鹛科,　　灰冠鸦雀,Sinosuthora przewalskii,一级,
脊索动物门 CHORDATA,鸟纲 AVES,雀形目,　莺鹛科,　　短尾鸦雀,Neosuthora davidiana,二级,
脊索动物门 CHORDATA,鸟纲 AVES,雀形目,　莺鹛科,　　震旦鸦雀,Paradoxornis heudei,二级,
脊索动物门 CHORDATA,鸟纲 AVES,雀形目,　绣眼鸟科,　　红胁绣眼鸟,Zosterops erythropleurus,二级,
脊索动物门 CHORDATA,鸟纲 AVES,雀形目,　林鹛科,　　淡喉鹩鹛,Spelaeornis kinneari,二级,
脊索动物门 CHORDATA,鸟纲 AVES,雀形目,　林鹛科,　　弄岗穗鹛,Stachyris nonggangensis,二级,
脊索动物门 CHORDATA,鸟纲 AVES,雀形目,　幽鹛科,　　金额雀鹛,Schoeniparus variegaticeps,一级,
脊索动物门 CHORDATA,鸟纲 AVES,雀形目,　噪鹛科,　　大草鹛,Babax waddelli,二级,
脊索动物门 CHORDATA,鸟纲 AVES,雀形目,　噪鹛科,　　棕草鹛,Babax koslowi,二级,
脊索动物门 CHORDATA,鸟纲 AVES,雀形目,　噪鹛科,　　画眉,Garrulax canorus,二级,
脊索动物门 CHORDATA,鸟纲 AVES,雀形目,　噪鹛科,　　海南画眉,Garrulax owstoni,二级,
脊索动物门 CHORDATA,鸟纲 AVES,雀形目,　噪鹛科,　　台湾画眉,Garrulax taewanus,二级,
脊索动物门 CHORDATA,鸟纲 AVES,雀形目,　噪鹛科,　　褐胸噪鹛,Garrulax maesi,二级,
脊索动物门 CHORDATA,鸟纲 AVES,雀形目,　噪鹛科,　　黑额山噪鹛,Garrulax sukatschewi,一级,
脊索动物门 CHORDATA,鸟纲 AVES,雀形目,　噪鹛科,　　斑背噪鹛,Garrulax lunulatus,二级,
脊索动物门 CHORDATA,鸟纲 AVES,雀形目,　噪鹛科,　　白点噪鹛,Garrulax bieti,一级,
脊索动物门 CHORDATA,鸟纲 AVES,雀形目,　噪鹛科,　　大噪鹛,Garrulax maximus,二级,
脊索动物门 CHORDATA,鸟纲 AVES,雀形目,　噪鹛科,　　眼纹噪鹛,Garrulax ocellatus,二级,
脊索动物门 CHORDATA,鸟纲 AVES,雀形目,　噪鹛科,　　黑喉噪鹛,Garrulax chinensis,二级,
脊索动物门 CHORDATA,鸟纲 AVES,雀形目,　噪鹛科,　　蓝冠噪鹛,Garrulax courtoisi,一级,
脊索动物门 CHORDATA,鸟纲 AVES,雀形目,　噪鹛科,　　棕噪鹛,Garrulax berthemyi,二级,
脊索动物门 CHORDATA,鸟纲 AVES,雀形目,　噪鹛科,　　橙翅噪鹛,Trochalopteron elliotii,二级,
脊索动物门 CHORDATA,鸟纲 AVES,雀形目,　噪鹛科,　　红翅噪鹛,Trochalopteron formosum,二级,
脊索动物门 CHORDATA,鸟纲 AVES,雀形目,　噪鹛科,　　红尾噪鹛,Trochalopteron milnei,二级,
脊索动物门 CHORDATA,鸟纲 AVES,雀形目,　噪鹛科,　　黑冠薮鹛,Liocichla bugunorum,一级,
脊索动物门 CHORDATA,鸟纲 AVES,雀形目,　噪鹛科,　　灰胸薮鹛,Liocichla omeiensis,一级,
脊索动物门 CHORDATA,鸟纲 AVES,雀形目,　噪鹛科,　　银耳相思鸟,Leiothrix argentauris,二级,
脊索动物门 CHORDATA,鸟纲 AVES,雀形目,　噪鹛科,　　红嘴相思鸟,Leiothrix lutea,二级,
脊索动物门 CHORDATA,鸟纲 AVES,雀形目,　旋木雀科,　　四川旋木雀,Certhia tianquanensis,二级,
脊索动物门 CHORDATA,鸟纲 AVES,雀形目,　䴓科,　　滇䴓,Sitta yunnanensis,二级,
脊索动物门 CHORDATA,鸟纲 AVES,雀形目,　䴓科,　　巨䴓,Sitta magna,二级,
脊索动物门 CHORDATA,鸟纲 AVES,雀形目,　䴓科,　　丽䴓,Sitta formosa,二级,
脊索动物门 CHORDATA,鸟纲 AVES,雀形目,　椋鸟科,　　鹩哥,Gracula religiosa,二级,
脊索动物门 CHORDATA,鸟纲 AVES,雀形目,　鸫科,　　褐头鸫,Turdus feae,二级,
脊索动物门 CHORDATA,鸟纲 AVES,雀形目,　鸫科,　　紫宽嘴鸫,Cochoa purpurea,二级,
脊索动物门 CHORDATA,鸟纲 AVES,雀形目,　鸫科,　　绿宽嘴鸫,Cochoa viridis,二级,
脊索动物门 CHORDATA,鸟纲 AVES,雀形目,　鹟科,　　棕头歌鸲,Larvivora ruficeps,一级,
脊索动物门 CHORDATA,鸟纲 AVES,雀形目,　鹟科,　　红喉歌鸲,Calliope calliope,二级,
脊索动物门 CHORDATA,鸟纲 AVES,雀形目,　鹟科,　　黑喉歌鸲,Calliope obscura,二级,
脊索动物门 CHORDATA,鸟纲 AVES,雀形目,　鹟科,　　金胸歌鸲,Calliope pectardens,二级,
脊索动物门 CHORDATA,鸟纲 AVES,雀形目,　鹟科,　　蓝喉歌鸲,Luscinia svecica,二级,
脊索动物门 CHORDATA,鸟纲 AVES,雀形目,　鹟科,　　新疆歌鸲,Luscinia megarhynchos,二级,
脊索动物门 CHORDATA,鸟纲 AVES,雀形目,　鹟科,　　棕腹林鸲,Tarsiger hyperythrus,二级,
脊索动物门 CHORDATA,鸟纲 AVES,雀形目,　鹟科,　　贺兰山红尾鸲,Phoenicurus alaschanicus,二级,
脊索动物门 CHORDATA,鸟纲 AVES,雀形目,　鹟科,　　白喉石鵖,Saxicola insignis,二级,
脊索动物门 CHORDATA,鸟纲 AVES,雀形目,　鹟科,　　白喉林鹟,Cyornis brunneatus,二级,
脊索动物门 CHORDATA,鸟纲 AVES,雀形目,　鹟科,　　棕腹大仙鹟,Niltava davidi,二级,
脊索动物门 CHORDATA,鸟纲 AVES,雀形目,　鹟科,　　大仙鹟,Niltava grandis,二级,
脊索动物门 CHORDATA,鸟纲 AVES,雀形目,　岩鹨科,　　贺兰山岩鹨,Prunella koslowi,二级,
脊索动物门 CHORDATA,鸟纲 AVES,雀形目,　朱鹀科,　　朱鹀,Urocynchramus pylzowi,二级,
脊索动物门 CHORDATA,鸟纲 AVES,雀形目,　燕雀科,　　褐头朱雀,Carpodacus sillemi,二级,
脊索动物门 CHORDATA,鸟纲 AVES,雀形目,　燕雀科,　　藏雀,Carpodacus roborowskii,二级,
脊索动物门 CHORDATA,鸟纲 AVES,雀形目,　燕雀科,　　北朱雀,Carpodacus roseus,二级,
脊索动物门 CHORDATA,鸟纲 AVES,雀形目,　燕雀科,　　红交嘴雀,Loxia curvirostra,二级,
脊索动物门 CHORDATA,鸟纲 AVES,雀形目,　鹀科,　　蓝鹀,Emberiza siemsseni,二级,
脊索动物门 CHORDATA,鸟纲 AVES,雀形目,　鹀科,　　栗斑腹鹀,Emberiza jankowskii,一级,
脊索动物门 CHORDATA,鸟纲 AVES,雀形目,　鹀科,　　黄胸鹀,Emberiza aureola,一级,
脊索动物门 CHORDATA,鸟纲 AVES,雀形目,　鹀科,　　藏鹀,Emberiza koslowi,二级,
脊索动物门 CHORDATA,爬行纲 REPTILIA,龟鳖目,　平胸龟科#,　　*平胸龟,Platysternon megacephalum,二级,仅限野外种群
脊索动物门 CHORDATA,爬行纲 REPTILIA,龟鳖目,　陆龟科#,　　缅甸陆龟,Indotestudo elongata,一级,
脊索动物门 CHORDATA,爬行纲 REPTILIA,龟鳖目,　陆龟科#,　　凹甲陆龟,Manouria impressa,一级,
脊索动物门 CHORDATA,爬行纲 REPTILIA,龟鳖目,　陆龟科#,　　四爪陆龟,Testudo horsfieldii,一级,
脊索动物门 CHORDATA,爬行纲 REPTILIA,龟鳖目,　地龟科,　　*欧氏摄龟,Cyclemys oldhami,二级,
脊索动物门 CHORDATA,爬行纲 REPTILIA,龟鳖目,　地龟科,　　*黑颈乌龟,Mauremys nigricans,二级,仅限野外种群
脊索动物门 CHORDATA,爬行纲 REPTILIA,龟鳖目,　地龟科,　　*乌龟,Mauremys reevesii,二级,仅限野外种群
脊索动物门 CHORDATA,爬行纲 REPTILIA,龟鳖目,　地龟科,　　*花龟,Mauremys sinensis,二级,仅限野外种群
脊索动物门 CHORDATA,爬行纲 REPTILIA,龟鳖目,　地龟科,　　*黄喉拟水龟,Mauremys mutica,二级,仅限野外种群
脊索动物门 CHORDATA,爬行纲 REPTILIA,龟鳖目,　地龟科,　　*闭壳龟属所有种,Cuora spp.,二级,仅限野外种群
脊索动物门 CHORDATA,爬行纲 REPTILIA,龟鳖目,　地龟科,　　*地龟,Geoemyda spengleri,二级,
脊索动物门 CHORDATA,爬行纲 REPTILIA,龟鳖目,　地龟科,　　*眼斑水龟,Sacalia bealei,二级,仅限野外种群
脊索动物门 CHORDATA,爬行纲 REPTILIA,龟鳖目,　地龟科,　　*四眼斑水龟,Sacalia quadriocellata ,二级,仅限野外种群
脊索动物门 CHORDATA,爬行纲 REPTILIA,龟鳖目,　海龟科#,　　*蠵龟,Caretta caretta,一级,
脊索动物门 CHORDATA,爬行纲 REPTILIA,龟鳖目,　海龟科#,　　*绿海龟,Chelonia mydas,一级,
脊索动物门 CHORDATA,爬行纲 REPTILIA,龟鳖目,　海龟科#,　　*玳瑁,Eretmochelys imbricata,一级,
脊索动物门 CHORDATA,爬行纲 REPTILIA,龟鳖目,　海龟科#,　　*太平洋丽龟,Lepidochelys olivacea,一级,
脊索动物门 CHORDATA,爬行纲 REPTILIA,龟鳖目,　棱皮龟科#,　　*棱皮龟,Dermochelys coriacea,一级,
脊索动物门 CHORDATA,爬行纲 REPTILIA,龟鳖目,　鳖科,　　*鼋,Pelochelys cantorii  ,一级,
脊索动物门 CHORDATA,爬行纲 REPTILIA,龟鳖目,　鳖科,　　*山瑞鳖,Palea steindachneri,二级,仅限野外种群
脊索动物门 CHORDATA,爬行纲 REPTILIA,龟鳖目,　鳖科,　　*斑鳖,Rafetus swinhoei,一级,
脊索动物门 CHORDATA,爬行纲 REPTILIA,有鳞目,　壁虎科,　　大壁虎,Gekko gecko,二级,
脊索动物门 CHORDATA,爬行纲 REPTILIA,有鳞目,　壁虎科,　　黑疣大壁虎,Gekko reevesii,二级,
脊索动物门 CHORDATA,爬行纲 REPTILIA,有鳞目,　球趾虎科,　　伊犁沙虎,Teratoscincus scincus,二级,
脊索动物门 CHORDATA,爬行纲 REPTILIA,有鳞目,　球趾虎科,　　吐鲁番沙虎,Teratoscincus roborowskii,二级,
脊索动物门 CHORDATA,爬行纲 REPTILIA,有鳞目,　睑虎科#,　　英德睑虎,Goniurosaurus yingdeensis,二级,
脊索动物门 CHORDATA,爬行纲 REPTILIA,有鳞目,　睑虎科#,　　越南睑虎,Goniurosaurus araneus ,二级,
脊索动物门 CHORDATA,爬行纲 REPTILIA,有鳞目,　睑虎科#,　　霸王岭睑虎,Goniurosaurus bawanglingensis,二级,
脊索动物门 CHORDATA,爬行纲 REPTILIA,有鳞目,　睑虎科#,　　海南睑虎,Goniurosaurus hainanensis,二级,
脊索动物门 CHORDATA,爬行纲 REPTILIA,有鳞目,　睑虎科#,　　嘉道理睑虎,Goniurosaurus kadoorieorum,二级,
脊索动物门 CHORDATA,爬行纲 REPTILIA,有鳞目,　睑虎科#,　　广西睑虎,Goniurosaurus kwangsiensis,二级,
脊索动物门 CHORDATA,爬行纲 REPTILIA,有鳞目,　睑虎科#,　　荔波睑虎,Goniurosaurus liboensis,二级,
脊索动物门 CHORDATA,爬行纲 REPTILIA,有鳞目,　睑虎科#,　　凭祥睑虎,Goniurosaurus luii,二级,
脊索动物门 CHORDATA,爬行纲 REPTILIA,有鳞目,　睑虎科#,　　蒲氏睑虎,Goniurosaurus zhelongi,二级,
脊索动物门 CHORDATA,爬行纲 REPTILIA,有鳞目,　睑虎科#,　　周氏睑虎,Goniurosaurus zhoui,二级,
脊索动物门 CHORDATA,爬行纲 REPTILIA,有鳞目,　鬣蜥科,　　巴塘龙蜥,Diploderma batangense,二级,
脊索动物门 CHORDATA,爬行纲 REPTILIA,有鳞目,　鬣蜥科,　　短尾龙蜥,Diploderma brevicandum,二级,
脊索动物门 CHORDATA,爬行纲 REPTILIA,有鳞目,　鬣蜥科,　　侏龙蜥,Diploderma drukdaypo,二级,
脊索动物门 CHORDATA,爬行纲 REPTILIA,有鳞目,　鬣蜥科,　　滑腹龙蜥,Diploderma laeviventre,二级,
脊索动物门 CHORDATA,爬行纲 REPTILIA,有鳞目,　鬣蜥科,　　宜兰龙蜥,Diploderma luei,二级,
脊索动物门 CHORDATA,爬行纲 REPTILIA,有鳞目,　鬣蜥科,　　溪头龙蜥,Diploderma makii,二级,
脊索动物门 CHORDATA,爬行纲 REPTILIA,有鳞目,　鬣蜥科,　　帆背龙蜥,Diploderma vela,二级,
脊索动物门 CHORDATA,爬行纲 REPTILIA,有鳞目,　鬣蜥科,　　蜡皮蜥,Leiolepis reevesii,二级,
脊索动物门 CHORDATA,爬行纲 REPTILIA,有鳞目,　鬣蜥科,　　贵南沙蜥,Phrynocephalus guinanensis,二级,
脊索动物门 CHORDATA,爬行纲 REPTILIA,有鳞目,　鬣蜥科,　　大耳沙蜥,Phrynocephalus mystaceus,一级,
脊索动物门 CHORDATA,爬行纲 REPTILIA,有鳞目,　鬣蜥科,　　长鬣蜥,Physignathus cocincinus,二级,
脊索动物门 CHORDATA,爬行纲 REPTILIA,有鳞目,　蛇蜥科# ,　　细脆蛇蜥,Ophisaurus gracilis,二级,
脊索动物门 CHORDATA,爬行纲 REPTILIA,有鳞目,　蛇蜥科# ,　　海南脆蛇蜥,Ophisaurus hainanensis,二级,
脊索动物门 CHORDATA,爬行纲 REPTILIA,有鳞目,　蛇蜥科# ,　　脆蛇蜥,Ophisaurus harti,二级,
脊索动物门 CHORDATA,爬行纲 REPTILIA,有鳞目,　鳄蜥科,　　鳄蜥,Shinisaurus crocodilurus,一级,
脊索动物门 CHORDATA,爬行纲 REPTILIA,有鳞目,　巨蜥科#,　　孟加拉巨蜥,Varanus bengalensis,一级,
脊索动物门 CHORDATA,爬行纲 REPTILIA,有鳞目,　巨蜥科#,　　圆鼻巨蜥,Varanus salvator,一级,原名“巨蜥”
脊索动物门 CHORDATA,爬行纲 REPTILIA,有鳞目,　石龙子科,　　桓仁滑蜥,Scincella huanrenensis,二级,
脊索动物门 CHORDATA,爬行纲 REPTILIA,有鳞目,　双足蜥科,　　香港双足蜥,Dibamus bogadeki,二级,
脊索动物门 CHORDATA,爬行纲 REPTILIA,有鳞目,　盲蛇科,　　香港盲蛇,Indotyphlops lazelli,二级,
脊索动物门 CHORDATA,爬行纲 REPTILIA,有鳞目,　筒蛇科,　　红尾筒蛇,Cylindrophis ruffus ,二级,
脊索动物门 CHORDATA,爬行纲 REPTILIA,有鳞目,　闪鳞蛇科,　　闪鳞蛇,Xenopeltis unicolor,二级,
脊索动物门 CHORDATA,爬行纲 REPTILIA,有鳞目,　蚺科#,　　红沙蟒,Eryx miliaris,二级,
脊索动物门 CHORDATA,爬行纲 REPTILIA,有鳞目,　蚺科#,　　东方沙蟒,Eryx tataricus,二级,
脊索动物门 CHORDATA,爬行纲 REPTILIA,有鳞目,　蟒科#,　　蟒蛇,Python bivittatus,二级,原名“蟒”
脊索动物门 CHORDATA,爬行纲 REPTILIA,有鳞目,  闪皮蛇科,　　井冈山脊蛇,Achalinus jinggangensis,二级,
脊索动物门 CHORDATA,爬行纲 REPTILIA,有鳞目,　游蛇科,　　三索蛇,Coelognathus radiatus,二级,
脊索动物门 CHORDATA,爬行纲 REPTILIA,有鳞目,　游蛇科,　　团花锦蛇,Elaphe davidi,二级,
脊索动物门 CHORDATA,爬行纲 REPTILIA,有鳞目,　游蛇科,　　横斑锦蛇,Euprepiophis perlaceus,二级,
脊索动物门 CHORDATA,爬行纲 REPTILIA,有鳞目,　游蛇科,　　尖喙蛇,Rhynchophis boulengeri,二级,
脊索动物门 CHORDATA,爬行纲 REPTILIA,有鳞目,　游蛇科,　　西藏温泉蛇,Thermophis baileyi,一级,
脊索动物门 CHORDATA,爬行纲 REPTILIA,有鳞目,　游蛇科,　　香格里拉温泉蛇,Thermophis shangrila,一级,
脊索动物门 CHORDATA,爬行纲 REPTILIA,有鳞目,　游蛇科,　　四川温泉蛇,Thermophis zhaoermii,一级,
脊索动物门 CHORDATA,爬行纲 REPTILIA,有鳞目,　游蛇科,　　黑网乌梢蛇,Zaocys carinatus,二级,
脊索动物门 CHORDATA,爬行纲 REPTILIA,有鳞目,　瘰鳞蛇科 ,　　*瘰鳞蛇,Acrochordus granulatus,二级,
脊索动物门 CHORDATA,爬行纲 REPTILIA,有鳞目,　眼镜蛇科,　　眼镜王蛇,Ophiophagus hannah,二级,
脊索动物门 CHORDATA,爬行纲 REPTILIA,有鳞目,　眼镜蛇科,　　*蓝灰扁尾海蛇,Laticauda colubrina,二级,
脊索动物门 CHORDATA,爬行纲 REPTILIA,有鳞目,　眼镜蛇科,　　*扁尾海蛇,Laticauda laticaudata,二级,
脊索动物门 CHORDATA,爬行纲 REPTILIA,有鳞目,　眼镜蛇科,　　*半环扁尾海蛇,Laticauda semifasciata,二级,
脊索动物门 CHORDATA,爬行纲 REPTILIA,有鳞目,　眼镜蛇科,　　*龟头海蛇,Emydocephalus ijimae,二级,
脊索动物门 CHORDATA,爬行纲 REPTILIA,有鳞目,　眼镜蛇科,　　*青环海蛇,Hydrophis cyanocinctus,二级,
脊索动物门 CHORDATA,爬行纲 REPTILIA,有鳞目,　眼镜蛇科,　　*环纹海蛇,Hydrophis fasciatus,二级,
脊索动物门 CHORDATA,爬行纲 REPTILIA,有鳞目,　眼镜蛇科,　　*黑头海蛇,Hydrophis melanocephalus,二级,
脊索动物门 CHORDATA,爬行纲 REPTILIA,有鳞目,　眼镜蛇科,　　*淡灰海蛇,Hydrophis ornatus,二级,
脊索动物门 CHORDATA,爬行纲 REPTILIA,有鳞目,　眼镜蛇科,　　*棘眦海蛇,Hydrophis peronii,二级,
脊索动物门 CHORDATA,爬行纲 REPTILIA,有鳞目,　眼镜蛇科,　　*棘鳞海蛇,Hydrophis stokesii,二级,
脊索动物门 CHORDATA,爬行纲 REPTILIA,有鳞目,　眼镜蛇科,　　*青灰海蛇,Hydrophis caerulescens,二级,
脊索动物门 CHORDATA,爬行纲 REPTILIA,有鳞目,　眼镜蛇科,　　*平颏海蛇,Hydrophis curtus,二级,
脊索动物门 CHORDATA,爬行纲 REPTILIA,有鳞目,　眼镜蛇科,　　*小头海蛇,Hydrophis gracilis,二级,
脊索动物门 CHORDATA,爬行纲 REPTILIA,有鳞目,　眼镜蛇科,　　*长吻海蛇,Hydrophis platurus,二级,
脊索动物门 CHORDATA,爬行纲 REPTILIA,有鳞目,　眼镜蛇科,　　*截吻海蛇,Hydrophis jerdonii,二级,
脊索动物门 CHORDATA,爬行纲 REPTILIA,有鳞目,　眼镜蛇科,　　*海蝰,Hydrophis viperinus,二级,
脊索动物门 CHORDATA,爬行纲 REPTILIA,有鳞目,　蝰科,　　泰国圆斑蝰,Daboia siamensis,二级,
脊索动物门 CHORDATA,爬行纲 REPTILIA,有鳞目,　蝰科,　　蛇岛蝮,Gloydius shedaoensis,二级,
脊索动物门 CHORDATA,爬行纲 REPTILIA,有鳞目,　蝰科,　　角原矛头蝮,Protobothrops cornutus,二级,
脊索动物门 CHORDATA,爬行纲 REPTILIA,有鳞目,　蝰科,　　莽山烙铁头蛇,Protobothrops mangshanensis,一级,
脊索动物门 CHORDATA,爬行纲 REPTILIA,有鳞目,　蝰科,　　极北蝰,Vipera berus,二级,
脊索动物门 CHORDATA,爬行纲 REPTILIA,有鳞目,　蝰科,　　东方蝰,Vipera renardi,二级,
脊索动物门 CHORDATA,爬行纲 REPTILIA,鳄目,　鼍科#,　　*扬子鳄,Alligator sinensis,一级,
脊索动物门 CHORDATA,两栖纲 AMPHIBIA,蚓螈目,　鱼螈科,　　版纳鱼螈,Ichthyophis bannanicus,二级,
脊索动物门 CHORDATA,两栖纲 AMPHIBIA,有尾目,　小鲵科#,　　*安吉小鲵,Hynobius amjiensis,一级,
脊索动物门 CHORDATA,两栖纲 AMPHIBIA,有尾目,　小鲵科#,　　*中国小鲵,Hynobius chinensis,一级,
脊索动物门 CHORDATA,两栖纲 AMPHIBIA,有尾目,　小鲵科#,　　*挂榜山小鲵,Hynobius guabangshanensis,一级,
脊索动物门 CHORDATA,两栖纲 AMPHIBIA,有尾目,　小鲵科#,　　*猫儿山小鲵,Hynobius maoershansis,一级,
脊索动物门 CHORDATA,两栖纲 AMPHIBIA,有尾目,　小鲵科#,　　*普雄原鲵,Protohynobius puxiongensis,一级,
脊索动物门 CHORDATA,两栖纲 AMPHIBIA,有尾目,　小鲵科#,　　*辽宁爪鲵,Onychodactylus zhaoermii,一级,
脊索动物门 CHORDATA,两栖纲 AMPHIBIA,有尾目,　小鲵科#,　　*吉林爪鲵,Onychodactylus zhangyapingi,二级,
脊索动物门 CHORDATA,两栖纲 AMPHIBIA,有尾目,　小鲵科#,　　*新疆北鲵,Ranodon sibiricus,二级,
脊索动物门 CHORDATA,两栖纲 AMPHIBIA,有尾目,　小鲵科#,　　*极北鲵,Salamandrella keyserlingii,二级,
脊索动物门 CHORDATA,两栖纲 AMPHIBIA,有尾目,　小鲵科#,　　*巫山巴鲵,Liua shihi,二级,
脊索动物门 CHORDATA,两栖纲 AMPHIBIA,有尾目,　小鲵科#,　　*秦巴巴鲵,Liua tsinpaensis,二级,
脊索动物门 CHORDATA,两栖纲 AMPHIBIA,有尾目,　小鲵科#,　　*黄斑拟小鲵,Pseudohynobius flavomaculatus,二级,
脊索动物门 CHORDATA,两栖纲 AMPHIBIA,有尾目,　小鲵科#,　　*贵州拟小鲵,Pseudohynobius guizhouensis,二级,
脊索动物门 CHORDATA,两栖纲 AMPHIBIA,有尾目,　小鲵科#,　　*金佛拟小鲵,Pseudohynobius jinfo,二级,
脊索动物门 CHORDATA,两栖纲 AMPHIBIA,有尾目,　小鲵科#,　　*宽阔水拟小鲵,Pseudohynobius kuankuoshuiensis,二级,
脊索动物门 CHORDATA,两栖纲 AMPHIBIA,有尾目,　小鲵科#,　　*水城拟小鲵,Pseudohynobius shuichengensis,二级,
脊索动物门 CHORDATA,两栖纲 AMPHIBIA,有尾目,　小鲵科#,　　*弱唇褶山溪鲵,Batrachuperus cochranae,二级,
脊索动物门 CHORDATA,两栖纲 AMPHIBIA,有尾目,　小鲵科#,　　*无斑山溪鲵,Batrachuperus karlschmidti,二级,
脊索动物门 CHORDATA,两栖纲 AMPHIBIA,有尾目,　小鲵科#,　　*龙洞山溪鲵,Batrachuperus londongensis,二级,
脊索动物门 CHORDATA,两栖纲 AMPHIBIA,有尾目,　小鲵科#,　　*山溪鲵,Batrachuperus pinchonii,二级,
脊索动物门 CHORDATA,两栖纲 AMPHIBIA,有尾目,　小鲵科#,　　*西藏山溪鲵,Batrachuperus tibetanus,二级,
脊索动物门 CHORDATA,两栖纲 AMPHIBIA,有尾目,　小鲵科#,　　*盐源山溪鲵,Batrachuperus yenyuanensis,二级,
脊索动物门 CHORDATA,两栖纲 AMPHIBIA,有尾目,　小鲵科#,　　*阿里山小鲵,Hynobius arisanensis,二级,
脊索动物门 CHORDATA,两栖纲 AMPHIBIA,有尾目,　小鲵科#,　　*台湾小鲵,Hynobius formosanus,二级,
脊索动物门 CHORDATA,两栖纲 AMPHIBIA,有尾目,　小鲵科#,　　*观雾小鲵,Hynobius fuca,二级,
脊索动物门 CHORDATA,两栖纲 AMPHIBIA,有尾目,　小鲵科#,　　*南湖小鲵,Hynobius glacialis,二级,
脊索动物门 CHORDATA,两栖纲 AMPHIBIA,有尾目,　小鲵科#,　　*东北小鲵,Hynobius leechii,二级,
脊索动物门 CHORDATA,两栖纲 AMPHIBIA,有尾目,　小鲵科#,　　*楚南小鲵,Hynobius sonani,二级,
脊索动物门 CHORDATA,两栖纲 AMPHIBIA,有尾目,　小鲵科#,　　*义乌小鲵,Hynobius yiwuensis,二级,
脊索动物门 CHORDATA,两栖纲 AMPHIBIA,有尾目,　隐鳃鲵科,　　*大鲵,Andrias davidianus,二级,仅限野外种群
脊索动物门 CHORDATA,两栖纲 AMPHIBIA,有尾目,　蝾螈科,　　*潮汕蝾螈,Cynops orphicus,二级,
脊索动物门 CHORDATA,两栖纲 AMPHIBIA,有尾目,　蝾螈科,　　*大凉螈,Liangshantriton taliangensis,二级,原名“大凉疣螈”
脊索动物门 CHORDATA,两栖纲 AMPHIBIA,有尾目,　蝾螈科,　　*贵州疣螈,Tylototriton kweichowensis,二级,
脊索动物门 CHORDATA,两栖纲 AMPHIBIA,有尾目,　蝾螈科,　　*川南疣螈,Tylototriton pseudoverrucosus,二级,
脊索动物门 CHORDATA,两栖纲 AMPHIBIA,有尾目,　蝾螈科,　　*丽色疣螈,Tylototriton pulcherrima,二级,
脊索动物门 CHORDATA,两栖纲 AMPHIBIA,有尾目,　蝾螈科,　　*红瘰疣螈,Tylototriton shanjing,二级,
脊索动物门 CHORDATA,两栖纲 AMPHIBIA,有尾目,　蝾螈科,　　*棕黑疣螈,Tylototriton verrucosus,二级,原名“细瘰疣螈”
脊索动物门 CHORDATA,两栖纲 AMPHIBIA,有尾目,　蝾螈科,　　*滇南疣螈,Tylototriton yangi,二级,
脊索动物门 CHORDATA,两栖纲 AMPHIBIA,有尾目,　蝾螈科,　　*安徽瑶螈,Yaotriton anhuiensis,二级,
脊索动物门 CHORDATA,两栖纲 AMPHIBIA,有尾目,　蝾螈科,　　*细痣瑶螈,Yaotriton asperrimus,二级,原名“细痣疣螈”
脊索动物门 CHORDATA,两栖纲 AMPHIBIA,有尾目,　蝾螈科,　　*宽脊瑶螈,Yaotriton broadoridgus,二级,
脊索动物门 CHORDATA,两栖纲 AMPHIBIA,有尾目,　蝾螈科,　　*大别瑶螈,Yaotriton dabienicus,二级,
脊索动物门 CHORDATA,两栖纲 AMPHIBIA,有尾目,　蝾螈科,　　*海南瑶螈,Yaotriton hainanensis,二级,
脊索动物门 CHORDATA,两栖纲 AMPHIBIA,有尾目,　蝾螈科,　　*浏阳瑶螈,Yaotriton liuyangensis,二级,
脊索动物门 CHORDATA,两栖纲 AMPHIBIA,有尾目,　蝾螈科,　　*莽山瑶螈,Yaotriton lizhenchangi,二级,
脊索动物门 CHORDATA,两栖纲 AMPHIBIA,有尾目,　蝾螈科,　　*文县瑶螈,Yaotriton wenxianensis,二级,
脊索动物门 CHORDATA,两栖纲 AMPHIBIA,有尾目,　蝾螈科,　　*蔡氏瑶螈,Yaotriton ziegleri,二级, 
脊索动物门 CHORDATA,两栖纲 AMPHIBIA,有尾目,　蝾螈科,　　*镇海棘螈,Echinotriton chinhaiensis,一级,原名“镇海疣螈”
脊索动物门 CHORDATA,两栖纲 AMPHIBIA,有尾目,　蝾螈科,　　*琉球棘螈,Echinotriton andersoni,二级,
脊索动物门 CHORDATA,两栖纲 AMPHIBIA,有尾目,　蝾螈科,　　*高山棘螈,Echinotriton maxiquadratus,二级,
脊索动物门 CHORDATA,两栖纲 AMPHIBIA,有尾目,　蝾螈科,　　*橙脊瘰螈,Paramesotriton aurantius,二级,
脊索动物门 CHORDATA,两栖纲 AMPHIBIA,有尾目,　蝾螈科,　　*尾斑瘰螈,Paramesotriton caudopunctatus,二级,
脊索动物门 CHORDATA,两栖纲 AMPHIBIA,有尾目,　蝾螈科,　　*中国瘰螈,Paramesotriton chinensis,二级,
脊索动物门 CHORDATA,两栖纲 AMPHIBIA,有尾目,　蝾螈科,　　*越南瘰螈,Paramesotriton deloustali,二级,
脊索动物门 CHORDATA,两栖纲 AMPHIBIA,有尾目,　蝾螈科,　　*富钟瘰螈,Paramesotriton fuzhongensis,二级,
脊索动物门 CHORDATA,两栖纲 AMPHIBIA,有尾目,　蝾螈科,　　*广西瘰螈,Paramesotriton guangxiensis,二级,
脊索动物门 CHORDATA,两栖纲 AMPHIBIA,有尾目,　蝾螈科,　　*香港瘰螈,Paramesotriton hongkongensis,二级,
脊索动物门 CHORDATA,两栖纲 AMPHIBIA,有尾目,　蝾螈科,　　*无斑瘰螈,Paramesotriton labiatus,二级,
脊索动物门 CHORDATA,两栖纲 AMPHIBIA,有尾目,　蝾螈科,　　*龙里瘰螈,Paramesotriton longliensis,二级,
脊索动物门 CHORDATA,两栖纲 AMPHIBIA,有尾目,　蝾螈科,　　*茂兰瘰螈,Paramesotriton maolanensis,二级,
脊索动物门 CHORDATA,两栖纲 AMPHIBIA,有尾目,　蝾螈科,　　*七溪岭瘰螈,Paramesotriton qixilingensis,二级,
脊索动物门 CHORDATA,两栖纲 AMPHIBIA,有尾目,　蝾螈科,　　*武陵瘰螈,Paramesotriton wulingensis,二级,
脊索动物门 CHORDATA,两栖纲 AMPHIBIA,有尾目,　蝾螈科,　　*云雾瘰螈,Paramesotriton yunwuensis,二级,
脊索动物门 CHORDATA,两栖纲 AMPHIBIA,有尾目,　蝾螈科,　　*织金瘰螈,Paramesotriton zhijinensis,二级,
脊索动物门 CHORDATA,两栖纲 AMPHIBIA,无尾目,　角蟾科,　　抱龙角蟾,Boulenophrys baolongensis,二级,
脊索动物门 CHORDATA,两栖纲 AMPHIBIA,无尾目,　角蟾科,　　凉北齿蟾,Oreolalax liangbeiensis,二级,
脊索动物门 CHORDATA,两栖纲 AMPHIBIA,无尾目,　角蟾科,　　金顶齿突蟾,Scutiger chintingensis,二级,
脊索动物门 CHORDATA,两栖纲 AMPHIBIA,无尾目,　角蟾科,　　九龙齿突蟾,Scutiger jiulongensis,二级,
脊索动物门 CHORDATA,两栖纲 AMPHIBIA,无尾目,　角蟾科,　　木里齿突蟾,Scutiger muliensis,二级,
脊索动物门 CHORDATA,两栖纲 AMPHIBIA,无尾目,　角蟾科,　　宁陕齿突蟾,Scutiger ningshanensis,二级,
脊索动物门 CHORDATA,两栖纲 AMPHIBIA,无尾目,　角蟾科,　　平武齿突蟾,Scutiger pingwuensis,二级,
脊索动物门 CHORDATA,两栖纲 AMPHIBIA,无尾目,　角蟾科,　　哀牢髭蟾,Vibrissaphora ailaonica,二级,
脊索动物门 CHORDATA,两栖纲 AMPHIBIA,无尾目,　角蟾科,　　峨眉髭蟾,Vibrissaphora boringii,二级,
脊索动物门 CHORDATA,两栖纲 AMPHIBIA,无尾目,　角蟾科,　　雷山髭蟾,Vibrissaphora leishanensis,二级,
脊索动物门 CHORDATA,两栖纲 AMPHIBIA,无尾目,　角蟾科,　　原髭蟾,Vibrissaphora promustache,二级,
脊索动物门 CHORDATA,两栖纲 AMPHIBIA,无尾目,　角蟾科,　　南澳岛角蟾,Xenophrys insularis,二级,
脊索动物门 CHORDATA,两栖纲 AMPHIBIA,无尾目,　角蟾科,　　水城角蟾,Xenophrys shuichengensis,二级,
脊索动物门 CHORDATA,两栖纲 AMPHIBIA,无尾目,　蟾蜍科,　　史氏蟾蜍,Bufo stejnegeri,二级,
脊索动物门 CHORDATA,两栖纲 AMPHIBIA,无尾目,　蟾蜍科,　　鳞皮小蟾,Parapelophryne scalpta,二级,
脊索动物门 CHORDATA,两栖纲 AMPHIBIA,无尾目,　蟾蜍科,　　乐东蟾蜍,Qiongbufo ledongensis,二级,
脊索动物门 CHORDATA,两栖纲 AMPHIBIA,无尾目,　蟾蜍科,　　无棘溪蟾,Torrentophryne aspinia,二级,
脊索动物门 CHORDATA,两栖纲 AMPHIBIA,无尾目,　叉舌蛙科,　　*虎纹蛙,Hoplobatrachus chinensis,二级,仅限野外种群 
脊索动物门 CHORDATA,两栖纲 AMPHIBIA,无尾目,　叉舌蛙科,　　*脆皮大头蛙,Limnonectes fragilis,二级,
脊索动物门 CHORDATA,两栖纲 AMPHIBIA,无尾目,　叉舌蛙科,　　*叶氏肛刺蛙,Yerana yei ,二级,
脊索动物门 CHORDATA,两栖纲 AMPHIBIA,无尾目,　蛙科,　　*海南湍蛙,Amolops hainanensis,二级,
脊索动物门 CHORDATA,两栖纲 AMPHIBIA,无尾目,　蛙科,　　*香港湍蛙,Amolops hongkongensis,二级,
脊索动物门 CHORDATA,两栖纲 AMPHIBIA,无尾目,　蛙科,　　*小腺蛙,Glandirana minima,二级,
脊索动物门 CHORDATA,两栖纲 AMPHIBIA,无尾目,　蛙科,　　*务川臭蛙,Odorrana wuchuanensis,二级,
脊索动物门 CHORDATA,两栖纲 AMPHIBIA,无尾目,　树蛙科,　　巫溪树蛙,Rhacophorus hongchibaensis,二级,
脊索动物门 CHORDATA,两栖纲 AMPHIBIA,无尾目,　树蛙科,　　老山树蛙,Rhacophorus laoshan,二级,
脊索动物门 CHORDATA,两栖纲 AMPHIBIA,无尾目,　树蛙科,　　罗默刘树蛙,Liuixalus romeri,二级,
脊索动物门 CHORDATA,两栖纲 AMPHIBIA,无尾目,　树蛙科,　　洪佛树蛙,Rhacophorus hungfuensis,二级,
脊索动物门 CHORDATA,文昌鱼纲 AMPHIOXI,文昌鱼目,　文昌鱼科#,　　*厦门文昌鱼,Branchiostoma belcheri,二级,仅限野外种群。原名“文昌鱼”。
脊索动物门 CHORDATA,文昌鱼纲 AMPHIOXI,文昌鱼目,　文昌鱼科#,　　*青岛文昌鱼,Branchiostoma tsingdauense,二级,仅限野外种群
脊索动物门 CHORDATA,圆口纲 CYCLOSTOMATA,七鳃鳗目,　七鳃鳗科#,　　*日本七鰓鰻,Lampetra japonica ,二级,
脊索动物门 CHORDATA,圆口纲 CYCLOSTOMATA,七鳃鳗目,　七鳃鳗科#,　　*东北七鳃鳗,Lampetra morii ,二级,
脊索动物门 CHORDATA,圆口纲 CYCLOSTOMATA,七鳃鳗目,　七鳃鳗科#,　　*雷氏七鰓鰻,Lampetra reissneri ,二级,
脊索动物门 CHORDATA,软骨鱼纲 CHONDRICHTHYES,鼠鲨目,　姥鲨科,　　*姥鲨,Cetorhinus maximus,二级,
脊索动物门 CHORDATA,软骨鱼纲 CHONDRICHTHYES,鼠鲨目,　鼠鲨科,　　*噬人鲨,Carcharodon carcharias,二级,
脊索动物门 CHORDATA,软骨鱼纲 CHONDRICHTHYES,须鲨目,　鲸鲨科,　　*鲸鲨,Rhincodon typus,二级,
脊索动物门 CHORDATA,软骨鱼纲 CHONDRICHTHYES,鲼目,　魟科,　　*黄魟,Dasyatis bennettii,二级,仅限陆封种群
脊索动物门 CHORDATA,硬骨鱼纲 OSTEICHTHYES,鲟形目#,　鲟科,　　*中华鲟,Acipenser sinensis,一级,
脊索动物门 CHORDATA,硬骨鱼纲 OSTEICHTHYES,鲟形目#,　鲟科,　　*长江鲟,Acipenser dabryanus,一级,原名“达氏鲟”
脊索动物门 CHORDATA,硬骨鱼纲 OSTEICHTHYES,鲟形目#,　鲟科,　　*鳇,Huso dauricus,一级,仅限野外种群
脊索动物门 CHORDATA,硬骨鱼纲 OSTEICHTHYES,鲟形目#,　鲟科,　　*西伯利亚鲟,Acipenser baerii,二级,仅限野外种群
脊索动物门 CHORDATA,硬骨鱼纲 OSTEICHTHYES,鲟形目#,　鲟科,　　*裸腹鲟,Acipenser nudiventris,二级,仅限野外种群
脊索动物门 CHORDATA,硬骨鱼纲 OSTEICHTHYES,鲟形目#,　鲟科,　　*小体鲟,Acipenser ruthenus,二级,仅限野外种群
脊索动物门 CHORDATA,硬骨鱼纲 OSTEICHTHYES,鲟形目#,　鲟科,　　*施氏鲟,Acipenser schrenckii,二级,仅限野外种群
脊索动物门 CHORDATA,硬骨鱼纲 OSTEICHTHYES,鲟形目#,　匙吻鲟科,　　*白鲟,Psephurus gladius,一级,
脊索动物门 CHORDATA,硬骨鱼纲 OSTEICHTHYES,鳗鲡目,　鳗鲡科,　　*花鳗鲡,Anguilla marmorata,二级,
脊索动物门 CHORDATA,硬骨鱼纲 OSTEICHTHYES,鲱形目,　鲱科,　　*鲥,Tenualosa reevesii,一级,
脊索动物门 CHORDATA,硬骨鱼纲 OSTEICHTHYES,鲤形目,　双孔鱼科,　　*双孔鱼,Gyrinocheilus aymonieri,二级,仅限野外种群
脊索动物门 CHORDATA,硬骨鱼纲 OSTEICHTHYES,鲤形目,　裸吻鱼科,　　*平鳍裸吻鱼,Psilorhynchus homaloptera,二级,
脊索动物门 CHORDATA,硬骨鱼纲 OSTEICHTHYES,鲤形目,　亚口鱼科,　　*胭脂鱼,Myxocyprinus asiaticus,二级,仅限野外种群
脊索动物门 CHORDATA,硬骨鱼纲 OSTEICHTHYES,鲤形目,　鲤科,　　*唐鱼,Tanichthys albonubes,二级,仅限野外种群
脊索动物门 CHORDATA,硬骨鱼纲 OSTEICHTHYES,鲤形目,　鲤科,　　*稀有鮈鲫,Gobiocypris rarus,二级,仅限野外种群
脊索动物门 CHORDATA,硬骨鱼纲 OSTEICHTHYES,鲤形目,　鲤科,　　*鯮,Luciobrama macrocephalus,二级,
脊索动物门 CHORDATA,硬骨鱼纲 OSTEICHTHYES,鲤形目,　鲤科,　　*多鳞白鱼,Anabarilius polylepis,二级,
脊索动物门 CHORDATA,硬骨鱼纲 OSTEICHTHYES,鲤形目,　鲤科,　　*山白鱼,Anabarilius transmontanus,二级,
脊索动物门 CHORDATA,硬骨鱼纲 OSTEICHTHYES,鲤形目,　鲤科,　　*北方铜鱼,Coreius septentrionalis,一级,
脊索动物门 CHORDATA,硬骨鱼纲 OSTEICHTHYES,鲤形目,　鲤科,　　*圆口铜鱼,Coreius guichenoti,二级,仅限野外种群
脊索动物门 CHORDATA,硬骨鱼纲 OSTEICHTHYES,鲤形目,　鲤科,　　*大鼻吻鮈,Rhinogobio nasutus,二级,
脊索动物门 CHORDATA,硬骨鱼纲 OSTEICHTHYES,鲤形目,　鲤科,　　*长鳍吻鮈,Rhinogobio ventralis,二级,
脊索动物门 CHORDATA,硬骨鱼纲 OSTEICHTHYES,鲤形目,　鲤科,　　*平鳍鳅鮀,Gobiobotia homalopteroidea,二级,
脊索动物门 CHORDATA,硬骨鱼纲 OSTEICHTHYES,鲤形目,　鲤科,　　*单纹似鱤,Luciocyprinus langsoni,二级,
脊索动物门 CHORDATA,硬骨鱼纲 OSTEICHTHYES,鲤形目,　鲤科,　　*金线鲃属所有种,Sinocyclocheilus spp.,二级,
脊索动物门 CHORDATA,硬骨鱼纲 OSTEICHTHYES,鲤形目,　鲤科,　　*四川白甲鱼,Onychostoma angustistomata,二级,
脊索动物门 CHORDATA,硬骨鱼纲 OSTEICHTHYES,鲤形目,　鲤科,　　*多鳞白甲鱼,Onychostoma macrolepis,二级,仅限野外种群
脊索动物门 CHORDATA,硬骨鱼纲 OSTEICHTHYES,鲤形目,　鲤科,　　*金沙鲈鲤,Percocypris pingi,二级,仅限野外种群
脊索动物门 CHORDATA,硬骨鱼纲 OSTEICHTHYES,鲤形目,　鲤科,　　*花鲈鲤,Percocypris regani,二级,仅限野外种群
脊索动物门 CHORDATA,硬骨鱼纲 OSTEICHTHYES,鲤形目,　鲤科,　　*后背鲈鲤,Percocypris retrodorslis,二级,仅限野外种群
脊索动物门 CHORDATA,硬骨鱼纲 OSTEICHTHYES,鲤形目,　鲤科,    *张氏鲈鲤,Percocypris tchangi,二级,仅限野外种群
脊索动物门 CHORDATA,硬骨鱼纲 OSTEICHTHYES,鲤形目,　鲤科,　　*裸腹盲鲃,Typhlobarbus nudiventris,二级,
脊索动物门 CHORDATA,硬骨鱼纲 OSTEICHTHYES,鲤形目,　鲤科,　　*角鱼,Akrokolioplax bicornis,二级,
脊索动物门 CHORDATA,硬骨鱼纲 OSTEICHTHYES,鲤形目,　鲤科,　　*骨唇黄河鱼,Chuanchia labiosa,二级,
脊索动物门 CHORDATA,硬骨鱼纲 OSTEICHTHYES,鲤形目,　鲤科,　　*极边扁咽齿鱼,Platypharodon extremus,二级,仅限野外种群
脊索动物门 CHORDATA,硬骨鱼纲 OSTEICHTHYES,鲤形目,　鲤科,　　*细鳞裂腹鱼,Schizothorax chongi,二级,仅限野外种群
脊索动物门 CHORDATA,硬骨鱼纲 OSTEICHTHYES,鲤形目,　鲤科,　　*巨须裂腹鱼,Schizothorax macropogon,二级,
脊索动物门 CHORDATA,硬骨鱼纲 OSTEICHTHYES,鲤形目,　鲤科,　　*重口裂腹鱼,Schizothorax davidi,二级,仅限野外种群
脊索动物门 CHORDATA,硬骨鱼纲 OSTEICHTHYES,鲤形目,　鲤科,　　*拉萨裂腹鱼,Schizothorax waltoni,二级,仅限野外种群
脊索动物门 CHORDATA,硬骨鱼纲 OSTEICHTHYES,鲤形目,　鲤科,　　*塔里木裂腹鱼,Schizothorax biddulphi,二级,仅限野外种群
脊索动物门 CHORDATA,硬骨鱼纲 OSTEICHTHYES,鲤形目,　鲤科,　　*大理裂腹鱼,Schizothorax taliensis,二级,仅限野外种群
脊索动物门 CHORDATA,硬骨鱼纲 OSTEICHTHYES,鲤形目,　鲤科,　　*扁吻鱼,Aspiorhynchus laticeps,一级,原名“新疆大头鱼”
脊索动物门 CHORDATA,硬骨鱼纲 OSTEICHTHYES,鲤形目,　鲤科,　　*厚唇裸重唇鱼,Gymnodiptychus pachycheilus,二级,仅限野外种群
脊索动物门 CHORDATA,硬骨鱼纲 OSTEICHTHYES,鲤形目,　鲤科,　　*斑重唇鱼,Diptychus maculatus,二级,
脊索动物门 CHORDATA,硬骨鱼纲 OSTEICHTHYES,鲤形目,　鲤科,　　*尖裸鲤,Oxygymnocypris stewartii,二级,仅限野外种群
脊索动物门 CHORDATA,硬骨鱼纲 OSTEICHTHYES,鲤形目,　鲤科,　　*大头鲤,Cyprinus pellegrini,二级,仅限野外种群
脊索动物门 CHORDATA,硬骨鱼纲 OSTEICHTHYES,鲤形目,　鲤科,　　*小鲤,Cyprinus micristius,二级,
脊索动物门 CHORDATA,硬骨鱼纲 OSTEICHTHYES,鲤形目,　鲤科,　　*抚仙鲤,Cyprinus fuxianensis,二级,
脊索动物门 CHORDATA,硬骨鱼纲 OSTEICHTHYES,鲤形目,　鲤科,　　*岩原鲤,Procypris rabaudi,二级,仅限野外种群
脊索动物门 CHORDATA,硬骨鱼纲 OSTEICHTHYES,鲤形目,　鲤科,　　*乌原鲤,Procypris merus,二级,
脊索动物门 CHORDATA,硬骨鱼纲 OSTEICHTHYES,鲤形目,　鲤科,　　*大鳞鲢,Hypophthalmichthys harmandi,二级,
脊索动物门 CHORDATA,硬骨鱼纲 OSTEICHTHYES,鲤形目,　鳅科,　　*红唇薄鳅,Leptobotia rubrilabris,二级,仅限野外种群
脊索动物门 CHORDATA,硬骨鱼纲 OSTEICHTHYES,鲤形目,　鳅科,　　*黄线薄鳅,Leptobotia flavolineata,二级,
脊索动物门 CHORDATA,硬骨鱼纲 OSTEICHTHYES,鲤形目,　鳅科,　　*长薄鳅,Leptobotia elongata,二级,仅限野外种群
脊索动物门 CHORDATA,硬骨鱼纲 OSTEICHTHYES,鲤形目,　条鳅科,　　*无眼岭鳅,Oreonectes anophthalmus,二级,
脊索动物门 CHORDATA,硬骨鱼纲 OSTEICHTHYES,鲤形目,　条鳅科,　　*拟鲇高原鳅,Triplophysa siluroides,二级,仅限野外种群
脊索动物门 CHORDATA,硬骨鱼纲 OSTEICHTHYES,鲤形目,　条鳅科,　　*湘西盲高原鳅,Triplophysa xiangxiensis,二级,
脊索动物门 CHORDATA,硬骨鱼纲 OSTEICHTHYES,鲤形目,　条鳅科,　　*小头高原鳅,Triphophysa minuta,二级,
脊索动物门 CHORDATA,硬骨鱼纲 OSTEICHTHYES,鲤形目,　爬鳅科,　　*厚唇原吸鳅,Protomyzon pachychilus,二级,
脊索动物门 CHORDATA,硬骨鱼纲 OSTEICHTHYES,鲇形目,　鲿科,　　*斑鳠,Hemibagrus guttatus,二级,仅限野外种群
脊索动物门 CHORDATA,硬骨鱼纲 OSTEICHTHYES,鲇形目,　鲇科,　　*昆明鲇,Silurus mento,二级,
脊索动物门 CHORDATA,硬骨鱼纲 OSTEICHTHYES,鲇形目,　𩷶科,　　*长丝𩷶,Pangasius sanitwangsei,一级,
脊索动物门 CHORDATA,硬骨鱼纲 OSTEICHTHYES,鲇形目,　钝头鮠科,　　*金氏䱀,Liobagrus kingi,二级,
脊索动物门 CHORDATA,硬骨鱼纲 OSTEICHTHYES,鲇形目,　鮡科,　　*长丝黑鮡,Gagata dolichonema,二级,
脊索动物门 CHORDATA,硬骨鱼纲 OSTEICHTHYES,鲇形目,　鮡科,　　*青石爬鮡,Euchiloglanis davidi,二级,
脊索动物门 CHORDATA,硬骨鱼纲 OSTEICHTHYES,鲇形目,　鮡科,　　*黑斑原鮡,Glyptosternum maculatum,二级,
脊索动物门 CHORDATA,硬骨鱼纲 OSTEICHTHYES,鲇形目,　鮡科,　　*魾,Bagarius bagarius,二级,
脊索动物门 CHORDATA,硬骨鱼纲 OSTEICHTHYES,鲇形目,　鮡科,　　*红魾,Bagarius rutilus,二级,
脊索动物门 CHORDATA,硬骨鱼纲 OSTEICHTHYES,鲇形目,　鮡科,　　*巨魾,Bagarius yarrelli,二级,
脊索动物门 CHORDATA,硬骨鱼纲 OSTEICHTHYES,鲑形目,　鲑科,　　*细鳞鲑属所有种,Brachymystax spp.,二级,仅限野外种群
脊索动物门 CHORDATA,硬骨鱼纲 OSTEICHTHYES,鲑形目,　鲑科,　　*川陕哲罗鲑,Hucho bleekeri,一级,
脊索动物门 CHORDATA,硬骨鱼纲 OSTEICHTHYES,鲑形目,　鲑科,　　*哲罗鲑,Hucho taimen,二级,仅限野外种群
脊索动物门 CHORDATA,硬骨鱼纲 OSTEICHTHYES,鲑形目,　鲑科,　　*石川氏哲罗鲑,Hucho ishikawai,二级,
脊索动物门 CHORDATA,硬骨鱼纲 OSTEICHTHYES,鲑形目,　鲑科,　　*花羔红点鲑,Salvelinus malma,二级,仅限野外种群
脊索动物门 CHORDATA,硬骨鱼纲 OSTEICHTHYES,鲑形目,　鲑科,　　*马苏大马哈鱼,Oncorhynchus masou,二级,
脊索动物门 CHORDATA,硬骨鱼纲 OSTEICHTHYES,鲑形目,　鲑科,　　*北鲑,Stenodus leucichthys,二级,
脊索动物门 CHORDATA,硬骨鱼纲 OSTEICHTHYES,鲑形目,　鲑科,　　*北极茴鱼,Thymallus arcticus,二级,仅限野外种群
脊索动物门 CHORDATA,硬骨鱼纲 OSTEICHTHYES,鲑形目,　鲑科,　　*下游黑龙江茴鱼,Thymallus tugarinae,二级,仅限野外种群
脊索动物门 CHORDATA,硬骨鱼纲 OSTEICHTHYES,鲑形目,　鲑科,　　*鸭绿江茴鱼,Thymallus yaluensis ,二级,仅限野外种群
脊索动物门 CHORDATA,硬骨鱼纲 OSTEICHTHYES,海龙鱼目,　海龙鱼科,　　*海马属所有种,Hippocampus spp.,二级,仅限野外种群
脊索动物门 CHORDATA,硬骨鱼纲 OSTEICHTHYES,鲈形目,　石首鱼科,　　*黄唇鱼,Bahaba taipingensis,一级,
脊索动物门 CHORDATA,硬骨鱼纲 OSTEICHTHYES,鲈形目,　隆头鱼科,　　*波纹唇鱼,Cheilinus undulatus,二级,仅限野外种群
脊索动物门 CHORDATA,硬骨鱼纲 OSTEICHTHYES,鲉形目,　杜父鱼科,　　*松江鲈,Trachidermus fasciatus,二级,仅限野外种群。原名“松江鲈鱼”
半索动物门 HEMICHORDATA,肠鳃纲   ENTEROPNEUSTA,柱头虫目,　殖翼柱头虫科,　　*多鳃孔舌形虫,Glossobalanus polybranchioporus,一级,
半索动物门 HEMICHORDATA,肠鳃纲   ENTEROPNEUSTA,柱头虫目,　殖翼柱头虫科,　　*三崎柱头虫,Balanoglossus misakiensis,二级,
半索动物门 HEMICHORDATA,肠鳃纲   ENTEROPNEUSTA,柱头虫目,　殖翼柱头虫科,　　*短殖舌形虫,Glossobalanus mortenseni,二级,
半索动物门 HEMICHORDATA,肠鳃纲   ENTEROPNEUSTA,柱头虫目,　殖翼柱头虫科,　　*肉质柱头虫,Balanoglossus carnosus,二级,
半索动物门 HEMICHORDATA,肠鳃纲   ENTEROPNEUSTA,柱头虫目,　殖翼柱头虫科,　　*黄殖翼柱头虫,Ptychodera flava,二级,
半索动物门 HEMICHORDATA,肠鳃纲   ENTEROPNEUSTA,柱头虫目,　史氏柱头虫科,　　*青岛橡头虫,Glandiceps qingdaoensis,二级,
半索动物门 HEMICHORDATA,肠鳃纲   ENTEROPNEUSTA,柱头虫目,　玉钩虫科,　　*黄岛长吻虫,Saccoglossus hwangtauensis,一级,
节肢动物门 ARTHROPODA,昆虫纲 INSECTA,双尾目,　铗虫八科_xD85C_,　　伟铗,Atlasjapyx atlas,二级,
节肢动物门 ARTHROPODA,昆虫纲 INSECTA,䗛目,　叶䗛科#,　　丽叶䗛,Phyllium pulchrifolium,二级,
节肢动物门 ARTHROPODA,昆虫纲 INSECTA,䗛目,　叶䗛科#,　　中华叶䗛,Phyllium sinensis,二级,
节肢动物门 ARTHROPODA,昆虫纲 INSECTA,䗛目,　叶䗛科#,　　泛叶䗛,Phyllium celebicum,二级,
节肢动物门 ARTHROPODA,昆虫纲 INSECTA,䗛目,　叶䗛科#,　　翔叶䗛,Phyllium westwoodi,二级,
节肢动物门 ARTHROPODA,昆虫纲 INSECTA,䗛目,　叶䗛科#,　　东方叶䗛,Phyllium siccifolium,二级,
节肢动物门 ARTHROPODA,昆虫纲 INSECTA,䗛目,　叶䗛科#,　　独龙叶䗛,Phyllium drunganum,二级,
节肢动物门 ARTHROPODA,昆虫纲 INSECTA,䗛目,　叶䗛科#,　　同叶䗛,Phyllium parum,二级,
节肢动物门 ARTHROPODA,昆虫纲 INSECTA,䗛目,　叶䗛科#,　　滇叶䗛,Phyllium yunnanense,二级,
节肢动物门 ARTHROPODA,昆虫纲 INSECTA,䗛目,　叶䗛科#,　　藏叶䗛,Phyllium tibetense,二级,
节肢动物门 ARTHROPODA,昆虫纲 INSECTA,䗛目,　叶䗛科#,　　珍叶䗛,Phyllium rarum,二级,
节肢动物门 ARTHROPODA,昆虫纲 INSECTA,蜻蜓目,　箭蜓科,　　扭尾曦春蜓,Heliogomphus retroflexus,二级,原名“尖板曦箭蜓”
节肢动物门 ARTHROPODA,昆虫纲 INSECTA,蜻蜓目,　箭蜓科,　　棘角蛇纹春蜓,Ophiogomphus spinicornis,二级,原名“宽纹北箭蜓”
节肢动物门 ARTHROPODA,昆虫纲 INSECTA,缺翅目,　缺翅虫科,　　中华缺翅虫,Zorotypus sinensis,二级,
节肢动物门 ARTHROPODA,昆虫纲 INSECTA,缺翅目,　缺翅虫科,　　墨脱缺翅虫,Zorotypus medoensis,二级,
节肢动物门 ARTHROPODA,昆虫纲 INSECTA,蛩蠊目,　蛩蠊科,　　中华蛩蠊,Galloisiana sinensis,一级,
节肢动物门 ARTHROPODA,昆虫纲 INSECTA,蛩蠊目,　蛩蠊科,　　陈氏西蛩蠊,Grylloblattella cheni ,一级,
节肢动物门 ARTHROPODA,昆虫纲 INSECTA,脉翅目,　旌蛉科,　　中华旌蛉,Nemopistha sinica,二级,
节肢动物门 ARTHROPODA,昆虫纲 INSECTA,鞘翅目,　步甲科,　　拉步甲,Carabus lafossei,二级,
节肢动物门 ARTHROPODA,昆虫纲 INSECTA,鞘翅目,　步甲科,　　细胸大步甲,Carabus osawai,二级,
节肢动物门 ARTHROPODA,昆虫纲 INSECTA,鞘翅目,　步甲科,　　巫山大步甲,Carabus ishizukai,二级,
节肢动物门 ARTHROPODA,昆虫纲 INSECTA,鞘翅目,　步甲科,　　库班大步甲,Carabus kubani,二级,
节肢动物门 ARTHROPODA,昆虫纲 INSECTA,鞘翅目,　步甲科,　　桂北大步甲,Carabus guibeicus,二级,
节肢动物门 ARTHROPODA,昆虫纲 INSECTA,鞘翅目,　步甲科,　　贞大步甲,Carabus penelope,二级,
节肢动物门 ARTHROPODA,昆虫纲 INSECTA,鞘翅目,　步甲科,　　蓝鞘大步甲,Carabus cyaneogigas,二级,
节肢动物门 ARTHROPODA,昆虫纲 INSECTA,鞘翅目,　步甲科,　　滇川大步甲,Carabus yunanensis,二级,
节肢动物门 ARTHROPODA,昆虫纲 INSECTA,鞘翅目,　步甲科,　　硕步甲,Carabus davidi,二级,
节肢动物门 ARTHROPODA,昆虫纲 INSECTA,鞘翅目,　两栖甲科,　　中华两栖甲,Amphizoa sinica,二级,
节肢动物门 ARTHROPODA,昆虫纲 INSECTA,鞘翅目,　长阎甲科,　　中华长阎甲,Syntelia sinica,二级,
节肢动物门 ARTHROPODA,昆虫纲 INSECTA,鞘翅目,　长阎甲科,　　大卫长阎甲,Syntelia davidis,二级,
节肢动物门 ARTHROPODA,昆虫纲 INSECTA,鞘翅目,　长阎甲科,　　玛氏长阎甲,Syntelia mazuri,二级,
节肢动物门 ARTHROPODA,昆虫纲 INSECTA,鞘翅目,　臂金龟科,　　戴氏棕臂金龟,Propomacrus davidi,二级,
节肢动物门 ARTHROPODA,昆虫纲 INSECTA,鞘翅目,　臂金龟科,　　玛氏棕臂金龟,Propomacrus muramotoae,二级,
节肢动物门 ARTHROPODA,昆虫纲 INSECTA,鞘翅目,　臂金龟科,　　越南臂金龟,Cheirotonus battareli,二级,
节肢动物门 ARTHROPODA,昆虫纲 INSECTA,鞘翅目,　臂金龟科,　　福氏彩臂金龟,Cheirotonus fujiokai,二级,
节肢动物门 ARTHROPODA,昆虫纲 INSECTA,鞘翅目,　臂金龟科,　　格彩臂金龟,Cheirotonus gestroi,二级,
节肢动物门 ARTHROPODA,昆虫纲 INSECTA,鞘翅目,　臂金龟科,　　台湾长臂金龟,Cheirotonus formosanus,二级,
节肢动物门 ARTHROPODA,昆虫纲 INSECTA,鞘翅目,　臂金龟科,　　阳彩臂金龟,Cheirotonus jansoni,二级,
节肢动物门 ARTHROPODA,昆虫纲 INSECTA,鞘翅目,　臂金龟科,　　印度长臂金龟,Cheirotonus macleayii,二级,
节肢动物门 ARTHROPODA,昆虫纲 INSECTA,鞘翅目,　臂金龟科,　　昭沼氏长臂金龟,Cheirotonus terunumai,二级,
节肢动物门 ARTHROPODA,昆虫纲 INSECTA,鞘翅目,　金龟科,　　艾氏泽蜣螂,Scarabaeus erichsoni,二级,
节肢动物门 ARTHROPODA,昆虫纲 INSECTA,鞘翅目,　金龟科,　　拜氏蜣螂,Scarabaeus babori,二级,
节肢动物门 ARTHROPODA,昆虫纲 INSECTA,鞘翅目,　金龟科,　　悍马巨蜣螂,Heliocopris bucephalus,二级,
节肢动物门 ARTHROPODA,昆虫纲 INSECTA,鞘翅目,　金龟科,　　上帝巨蜣螂,Heliocopris dominus,二级,
节肢动物门 ARTHROPODA,昆虫纲 INSECTA,鞘翅目,　金龟科,　　迈达斯巨蜣螂,Heliocopris midas,二级,
节肢动物门 ARTHROPODA,昆虫纲 INSECTA,鞘翅目,　犀金龟科,　　戴叉犀金龟,Trypoxylus davidis,二级,原名“叉犀金龟”
节肢动物门 ARTHROPODA,昆虫纲 INSECTA,鞘翅目,　犀金龟科,　　粗尤犀金龟,Eupatorus hardwickii,二级,
节肢动物门 ARTHROPODA,昆虫纲 INSECTA,鞘翅目,　犀金龟科,　　细角尤犀金龟,Eupatorus gracilicornis,二级,
节肢动物门 ARTHROPODA,昆虫纲 INSECTA,鞘翅目,　犀金龟科,　　胫晓扁犀金龟,Eophileurus tetraspermexitus,二级,
节肢动物门 ARTHROPODA,昆虫纲 INSECTA,鞘翅目,　锹甲科,　　安达刀锹甲,Dorcus antaeus,二级,
节肢动物门 ARTHROPODA,昆虫纲 INSECTA,鞘翅目,　锹甲科,　　巨叉深山锹甲,Lucanus hermani,二级,
节肢动物门 ARTHROPODA,昆虫纲 INSECTA,鳞翅目,　凤蝶科,　　喙凤蝶,Teinopalpus imperialism,二级,
节肢动物门 ARTHROPODA,昆虫纲 INSECTA,鳞翅目,　凤蝶科,　　金斑喙凤蝶,Teinopalpus aureus,一级,
节肢动物门 ARTHROPODA,昆虫纲 INSECTA,鳞翅目,　凤蝶科,　　裳凤蝶,Troides helena,二级,
节肢动物门 ARTHROPODA,昆虫纲 INSECTA,鳞翅目,　凤蝶科,　　金裳凤蝶,Troides aeacus,二级,
节肢动物门 ARTHROPODA,昆虫纲 INSECTA,鳞翅目,　凤蝶科,　　荧光裳凤蝶,Troides magellanus,二级,
节肢动物门 ARTHROPODA,昆虫纲 INSECTA,鳞翅目,　凤蝶科,　　鸟翼裳凤蝶,Troides amphrysus,二级,
节肢动物门 ARTHROPODA,昆虫纲 INSECTA,鳞翅目,　凤蝶科,　　珂裳凤蝶,Troides criton,二级,
节肢动物门 ARTHROPODA,昆虫纲 INSECTA,鳞翅目,　凤蝶科,　　楔纹裳凤蝶,Troides cuneifera,二级,
节肢动物门 ARTHROPODA,昆虫纲 INSECTA,鳞翅目,　凤蝶科,　　小斑裳凤蝶,Troides haliphron,二级,
节肢动物门 ARTHROPODA,昆虫纲 INSECTA,鳞翅目,　凤蝶科,　　多尾凤蝶,Bhutanitis lidderdalii,二级,
节肢动物门 ARTHROPODA,昆虫纲 INSECTA,鳞翅目,　凤蝶科,　　不丹尾凤蝶,Bhutanitis ludlowi,二级,
节肢动物门 ARTHROPODA,昆虫纲 INSECTA,鳞翅目,　凤蝶科,　　双尾褐凤蝶,Bhutanitis mansfieldi,二级,
节肢动物门 ARTHROPODA,昆虫纲 INSECTA,鳞翅目,　凤蝶科,　　玄裳尾凤蝶,Bhutanitis nigrilima,二级,
节肢动物门 ARTHROPODA,昆虫纲 INSECTA,鳞翅目,　凤蝶科,　　三尾褐凤蝶,Bhutanitis thaidina,二级,
节肢动物门 ARTHROPODA,昆虫纲 INSECTA,鳞翅目,　凤蝶科,　　玉龙尾凤蝶,Bhutanitis yulongensisn,二级,
节肢动物门 ARTHROPODA,昆虫纲 INSECTA,鳞翅目,　凤蝶科,　　丽斑尾凤蝶,Bhutanitis pulchristriata,二级,
节肢动物门 ARTHROPODA,昆虫纲 INSECTA,鳞翅目,　凤蝶科,　　锤尾凤蝶,Losaria coon,二级,
节肢动物门 ARTHROPODA,昆虫纲 INSECTA,鳞翅目,　凤蝶科,　　中华虎凤蝶,Luehdorfia chinensis,二级,
节肢动物门 ARTHROPODA,昆虫纲 INSECTA,鳞翅目,　蛱蝶科,　　最美紫蛱蝶,Sasakia pulcherrima,二级,
节肢动物门 ARTHROPODA,昆虫纲 INSECTA,鳞翅目,　蛱蝶科,　　黑紫蛱蝶,Sasakia funebris,二级,
节肢动物门 ARTHROPODA,昆虫纲 INSECTA,鳞翅目,　绢蝶科,　　阿波罗绢蝶,Parnassius apollo,二级,
节肢动物门 ARTHROPODA,昆虫纲 INSECTA,鳞翅目,　绢蝶科,　　君主娟蝶,Parnassius imperator,二级,
节肢动物门 ARTHROPODA,昆虫纲 INSECTA,鳞翅目,　绢蝶科,　　大斑霾灰蝶,Maculinea arionides,二级,
节肢动物门 ARTHROPODA,昆虫纲 INSECTA,鳞翅目,　绢蝶科,　　秀山霾灰蝶,Phengaris xiushani,二级,
节肢动物门 ARTHROPODA,蛛形纲 ARACHNIDA,蜘蛛目,　捕鸟蛛科,　　海南塞勒蛛,Cyriopagopus hainanus,二级,
节肢动物门 ARTHROPODA,肢口纲  MEROSTOMATA,剑尾目,　鲎科#,　　*中国鲎,Tachypleus tridentatus,二级,
节肢动物门 ARTHROPODA,肢口纲  MEROSTOMATA,剑尾目,　鲎科#,　　*圆尾蝎鲎,Carcinoscorpius rotundicauda,二级,
节肢动物门 ARTHROPODA,软甲纲 MALACOSTRACA,十足目,　龙虾科,　　*锦绣龙虾,Panulirus ornatus,二级,仅限野外种群
软体动物门 MOLLUSCA,双壳纲 BIVALVIA,珍珠贝目,　珍珠贝科,　　*大珠母贝,Pinctada maxima,二级,仅限野外种群
软体动物门 MOLLUSCA,双壳纲 BIVALVIA,帘蛤目,　砗磲科#,　　*大砗磲,Tridacna gigas,一级,原名“库氏砗磲”
软体动物门 MOLLUSCA,双壳纲 BIVALVIA,帘蛤目,　砗磲科#,　　*无鳞砗磲,Tridacna derasa,二级,仅限野外种群
软体动物门 MOLLUSCA,双壳纲 BIVALVIA,帘蛤目,　砗磲科#,　　*鳞砗磲,Tridacna squamosa,二级,仅限野外种群
软体动物门 MOLLUSCA,双壳纲 BIVALVIA,帘蛤目,　砗磲科#,　　*长砗磲,Tridacna maxima,二级,仅限野外种群
软体动物门 MOLLUSCA,双壳纲 BIVALVIA,帘蛤目,　砗磲科#,　　*番红砗磲,Tridacna crocea,二级,仅限野外种群
软体动物门 MOLLUSCA,双壳纲 BIVALVIA,帘蛤目,　砗磲科#,　　*砗蚝,Hippopus hippopus,二级,仅限野外种群
软体动物门 MOLLUSCA,双壳纲 BIVALVIA,蚌目,　珍珠蚌科,　　*珠母珍珠蚌,Margarritiana dahurica,二级,仅限野外种群
软体动物门 MOLLUSCA,双壳纲 BIVALVIA,蚌目,　蚌科,　　*佛耳丽蚌,Lamprotula mansuyi,二级,
软体动物门 MOLLUSCA,双壳纲 BIVALVIA,蚌目,　蚌科,　　*绢丝丽蚌,Lamprotula fibrosa,二级,
软体动物门 MOLLUSCA,双壳纲 BIVALVIA,蚌目,　蚌科,　　*背瘤丽蚌,Lamprotula leai,二级,
软体动物门 MOLLUSCA,双壳纲 BIVALVIA,蚌目,　蚌科,　　*多瘤丽蚌,Lamprotula polysticta,二级,
软体动物门 MOLLUSCA,双壳纲 BIVALVIA,蚌目,　蚌科,　　*刻裂丽蚌,Lamprotula scripta,二级,
软体动物门 MOLLUSCA,双壳纲 BIVALVIA,蚌目,　截蛏科,　　*中国淡水蛏,Novaculina chinensis,二级,
软体动物门 MOLLUSCA,双壳纲 BIVALVIA,蚌目,　截蛏科,　　*龙骨蛏蚌,Solenaia carinatus,二级,
软体动物门 MOLLUSCA,头足纲 CEPHALOPODA,鹦鹉螺目,　鹦鹉螺科,　　*鹦鹉螺,Nautilus pompilius,一级,
软体动物门 MOLLUSCA,头足纲 CEPHALOPODA,鹦鹉螺目,　田螺科,　　*螺蛳,Margarya melanioides,二级,
软体动物门 MOLLUSCA,腹足纲 GASTROPODA,鹦鹉螺目,　蝾螺科,　　*夜光蝾螺,Turbo marmoratus,二级,
软体动物门 MOLLUSCA,腹足纲 GASTROPODA,鹦鹉螺目,　宝贝科,　　*虎斑宝贝,Cypraea tigris,二级,
软体动物门 MOLLUSCA,腹足纲 GASTROPODA,鹦鹉螺目,　冠螺科,　　*唐冠螺,Cassis cornuta,二级,原名“冠螺”
软体动物门 MOLLUSCA,腹足纲 GASTROPODA,鹦鹉螺目,　法螺科,　　*法螺,Charonia tritonis,二级,
刺胞动物门 CNIDARIA,珊瑚纲 ANTHOZOA,角珊瑚目#,　法螺科,　　*角珊瑚目所有种,ANTIPATHARIA spp.,二级,
刺胞动物门 CNIDARIA,珊瑚纲 ANTHOZOA,石珊瑚目#,　法螺科,　　*石珊瑚目所有种,SCLERACTINIA spp.,一级,
刺胞动物门 CNIDARIA,珊瑚纲 ANTHOZOA,苍珊瑚目,　苍珊瑚科#,　　*苍珊瑚科所有种,Helioporidae spp.,二级,
刺胞动物门 CNIDARIA,珊瑚纲 ANTHOZOA,软珊瑚目,　笙珊瑚科,　　*笙珊瑚,Tubipora musica,二级,
刺胞动物门 CNIDARIA,珊瑚纲 ANTHOZOA,软珊瑚目,　红珊瑚科#,　　*红珊瑚科所有种,Coralliidae spp.,二级,
刺胞动物门 CNIDARIA,珊瑚纲 ANTHOZOA,软珊瑚目,　竹节柳珊瑚科,　　*粗糙竹节柳珊瑚,Isis hippuris,二级,
刺胞动物门 CNIDARIA,珊瑚纲 ANTHOZOA,软珊瑚目,　竹节柳珊瑚科,　　*细枝竹节柳珊瑚,Isis minorbrachyblasta,二级,
刺胞动物门 CNIDARIA,珊瑚纲 ANTHOZOA,软珊瑚目,　竹节柳珊瑚科,　　*网枝竹节柳珊瑚,Isis reticulata,二级,
刺胞动物门 CNIDARIA,水螅纲 HYDROZOA,花裸螅目,　多孔螅科#,　　*分叉多孔螅,Millepora dichotoma,二级,
刺胞动物门 CNIDARIA,水螅纲 HYDROZOA,花裸螅目,　多孔螅科#,　　*节块多孔螅,Millepora exaesa,二级,
刺胞动物门 CNIDARIA,水螅纲 HYDROZOA,花裸螅目,　多孔螅科#,　　*窝形多孔螅,Millepora  foveolata,二级,
刺胞动物门 CNIDARIA,水螅纲 HYDROZOA,花裸螅目,　多孔螅科#,　　*错综多孔螅,Millepora intricata,二级,
刺胞动物门 CNIDARIA,水螅纲 HYDROZOA,花裸螅目,　多孔螅科#,　　*阔叶多孔螅,Millepora latifolia,二级,
刺胞动物门 CNIDARIA,水螅纲 HYDROZOA,花裸螅目,　多孔螅科#,　　*扁叶多孔螅,Millepora platyphylla,二级,
刺胞动物门 CNIDARIA,水螅纲 HYDROZOA,花裸螅目,　多孔螅科#,　　*娇嫩多孔螅,Millepora tenera,二级,
刺胞动物门 CNIDARIA,水螅纲 HYDROZOA,花裸螅目,　柱星螅科#,　　*无序双孔螅,Distichopora irregularis,二级,
刺胞动物门 CNIDARIA,水螅纲 HYDROZOA,花裸螅目,　柱星螅科#,　　*紫色双孔螅,Distichopora violacea,二级,
刺胞动物门 CNIDARIA,水螅纲 HYDROZOA,花裸螅目,　柱星螅科#,　　*佳丽刺柱螅,Errina dabneyi,二级,
刺胞动物门 CNIDARIA,水螅纲 HYDROZOA,花裸螅目,　柱星螅科#,　　*扇形柱星螅,Stylaster flabelliformis,二级,
刺胞动物门 CNIDARIA,水螅纲 HYDROZOA,花裸螅目,　柱星螅科#,　　*细巧柱星螅,Stylaster gracilis,二级,
刺胞动物门 CNIDARIA,水螅纲 HYDROZOA,花裸螅目,　柱星螅科#,　　*佳丽柱星螅,Stylaster pulcher,二级,
刺胞动物门 CNIDARIA,水螅纲 HYDROZOA,花裸螅目,　柱星螅科#,　　*艳红柱星螅,Stylaster sanguineus,二级,
刺胞动物门 CNIDARIA,水螅纲 HYDROZOA,花裸螅目,　柱星螅科#,　　*粗糙柱星螅,Stylaster scabiosus,二级,
